Count,Name,Things,,,,,,,,,,,,,,,,,,,,,,,,,
0,Null Set,,,,,,,,,,,,,,,,,,,,,,,,,,
2,Agrippa's Two Chiefs of the Devils,BEHEMOTH,LEVIATHAN,,,,,,,,,,,,,,,,,,,,,,,,
2,Also See,https://en.wikipedia.org/wiki/Siamese_twins_(linguistics),,,,,,,,,,,,,,,,,,,,,,,,,
2,Euo Duo(Pokemon),LATIAS,LATIOS,,,,,,,,,,,,,,,,,,,,,,,,
2,Lunar Duo(Pokemon),DARKRAI,CRESSELIA,,,,,,,,,,,,,,,,,,,,,,,,
2,Martian moons,PHOBOS,DEIMOS,,,,,,,,,,,,,,,,,,,,,,,,
2,Mew Duo(Pokemon),MEW,MEW TWO,,,,,,,,,,,,,,,,,,,,,,,,
2,Monopoly Utilities,ELECTRIC COMPANY,WATER WORKS,,,,,,,,,,,,,,,,,,,,,,,,
2,Nebel Plateau Guardians(Pokemon),VOLCANION,MAGEARNA,,,,,,,,,,,,,,,,,,,,,,,,
2,Redox,REDUCTION,OXIDATION,,,,,,,,,,,,,,,,,,,,,,,,
2,Rosette group,CYCLIC,DIHEDRAL,,,,,,,,,,,,,,,,,,,,,,,,
2,Sea Guardians(Pokemon),MANAPHY,PHIONE,,,,,,,,,,,,,,,,,,,,,,,,
2,Street Fighter I Playable Characters,KEN,RYU,,,,,,,,,,,,,,,,,,,,,,,,
2,Tower Duo(Pokemon),HO-OH,LUGIA,,,,,,,,,,,,,,,,,,,,,,,,
2,Twin Films,https://en.wikipedia.org/wiki/Twin_films,,,,,,,,,,,,,,,,,,,,,,,,,
2,Wreckage types,FLOATSAM,JETSAM,,,,,,,,,,,,,,,,,,,,,,,,
3,(Basic) Accidentals,FLAT,NATURAL,SHARP,,,,,,,,,,,,,,,,,,,,,,,
3,3 Enclosures (Chinese Constellation System),PURPLE FORBIDDEN ,SUPREME PALACE,HEAVENLY MARKET,,,,,,,,,,,,,,,,,,,,,,,
3,Academic honor code,LIE,CHEAT,STEAL,,,,,,,,,,,,,,,,,,,,,,,
3,Agrippa's Three Infernal Judges,MINOS,AEACUS,RHADAMANTHUS,,,,,,,,,,,,,,,,,,,,,,,
3,Alchemical primes,SALT,SULFUR,MERCURY,,,,,,,,,,,,,,,,,,,,,,,
3,Alvin and the chipmunks,ALVIN,SIMON,THEODORE,,,,,,,,,,,,,,,,,,,,,,,
3,American Reality TV Show,DINERS,DRIVE-INS,DIVES,,,,,,,,,,,,,,,,,,,,,,,
3,Anatomical Planes,CORONAL,SAGITTAL,TRANSVERSE,,,,,,,,,,,,,,,,,,,,,,,
3,Angles <180 degrees,ACUTE,RIGHT,OBTUSE,,,,,,,,,,,,,,,,,,,,,,,
3,Animaniacs Trio,YAKKO,WAKKO,DOT,,,,,,,,,,,,,,,,,,,,,,,
3,Avengers Villians,ULTRON,RED SKULL,LOKI,,,,,,,,,,,,,,,,,,,,,,,
3,Axis Powers,GERMANY,JAPAN,ITALY,,,,,,,,,,,,,,,,,,,,,,,
3,Baltic States,ESTONIA,LATVIA,LITHUANIA,,,,,,,,,,,,,,,,,,,,,,,
3,Basic needs,FOOD,CLOTHING,SHELTER,,,,,,,,,,,,,,,,,,,,,,,
3,Ben Franklin quote,HEALTHY,WEALTHY,WISE,,,,,,,,,,,,,,,,,,,,,,,
3,Benelux Countries,BELGIUM,THE NETHERLANDS,LUXEMBOURG,,,,,,,,,,,,,,,,,,,,,,,
3,Big Three Colleges,HARVARD UNIVERSITY,YALE UNIVERSITY,PRINCETON UNIVERSITY,,,,,,,,,,,,,,,,,,,,,,,
3,Big Three US TV networks,AMERICAN BROADCASTING COMPANY (ABC),COLUMBIA BROADCASTING SYSTEM (CBS),NATIONAL BROADCASTING COMPANY (NBC),,,,,,,,,,,,,,,,,,,,,,,
3,BLT sandwich ingredients,BACON,LETTUCE,TOMATO,,,,,,,,,,,,,,,,,,,,,,,
3,Book title,COFFEE,TEA,or ME,,,,,,,,,,,,,,,,,,,,,,,
3,Book trilogy,MEMORY,SORROW,THORN,,,,,,,,,,,,,,,,,,,,,,,
3,Bop it,BOP IT,TWIST IT,PULL IT,,,,,,,,,,,,,,,,,,,,,,,
3,Box score in baseball,RUNS,HITS,ERRORS,,,,,,,,,,,,,,,,,,,,,,,
3,British Transport Police Announcement,SEE IT,SAY IT,SORTED,,,,,,,,,,,,,,,,,,,,,,,
3,Bronte sisters,EMILY,CHARLOTTE,ANNE,,,,,,,,,,,,,,,,,,,,,,,
3,Buddist Marks of Existence,ANICCA (IMPERMANENT),DUKKHA,ANATTA,,,,,,,,,,,,,,,,,,,,,,,
3,Bunch of things to be added later,https://ja.wikipedia.org/wiki/%E4%B8%96%E7%95%8C%E4%B8%89%E5%A4%A7%E4%B8%80%E8%A6%A7,,,,,,,Some is dubious,,,,,,,,,,,,,,,,,,
3,Carlist motto,GOD,COUNTRY,KING,,,,,,,,,,,,,,,,,,,,,,,
3,"Catholicism Archangels ""Canonically"" mentioned by name",GABRIEL,MICHAEL,RAPHAEL,(URIEL),,,,,,,,,,,,,,,,,,,,,,
3,Children’s game,DUCK,DUCK,GOOSE,,,,,,,,,,,,,,,,,,,,,,,
3,Cleopatra Love Affair,CLEOPATRA,MARC ANTONY,JULIUS CAESAR,,,,,,,,,,,,,,,,,,,,,,,
3,Coast Guard motto,HONOR,RESPECT,DEVOTION TO DUTY,,,,,,,,,,,,,,,,,,,,,,,
3,Coinage metals,COPPER,SILVER,GOLD,,,,,,,,,,,,,,,,,,,,,,,
3,Colors of U.S. flag,RED,WHITE,BLUE,,,,,,,,,,,,,,,,,,,,,,,
3,Columbus ships,NINA,PINTA,SANTA MARIA,,,,,,,,,,,,,,,,,,,,,,,
3,Common phrase,READY,AIM,FIRE,,,,,,,,,,,,,,,,,,,,,,,
3,Common phrase to begin a race,READY,SET,GO,,,,,,,,,,,,,,,,,,,,,,,
3,Commonwealth of Nations,PEACE,ORDER,GOOD GOVERNMENT,,,,,,,,,,,,,,,,,,,,,,,
3,Confiteor Phrase,THOUGHT,WORD,DEED,,,,,,,,,,,,,,,,,,,,,,,
3,corruption,FRAUD,WASTE,ABUSE,,,,,,,,,,,,,,,,,,,,,,,
3,Creation Trio (Pokemon),DIALGA,PALKIA,GIRATINA,,,,,,,,,,,,,,,,,,,,,,,
3,Cryptography Filler Names,ALICE,BOB,EVE,(and more: https://en.wikipedia.org/wiki/Alice_and_Bob),,,,,,,,,,,,,,,,,,,,,,
3,Cutlery,SPOON,FORK,KNIFE,,,,,,,,,,,,,,,,,,,,,,,
3,Declaration of Independence unalienable rights,LIFE,LIBERTY,THE PURSUIT OF HAPPINESS,,,,,,,,,,,,,,,,,,,,,,,
3,Dimensions,HEIGHT,WIDTH,DEPTH,,,,,,,,,,,,,,,,,,,,,,,
3,Discord Hypesquad Houses,BRAVERY,BRILLANCE,BALANCE,,,,,,,,,,,,,,,,,,,,,,,
3,disinformation,FEAR,UNCERTAINTY,DOUBT,,,,,,,,,,,,,,,,,,,,,,,
3,DotA attributes,INTELLIGENCE,AGILITY,STRENGTH,,,,,,,,,,,,,,,,,,,,,,,
3,DotA Invoker reagents,QUAS,WEX,EXORT,,,,,,,,,,,,,,,,,,,,,,,
3,Duck triplets,HUEY,DEWEY,LOUIE,,,,,,,,,,,,,,,,,,,,,,,
3,Ear bones,HAMMER,ANVIL,STIRRUP,,,,,,,,,,,,,,,,,,,,,,,
3,Ear bones (Latin),MALLEUS,INCUS,STAPES,,,,,,,,,,,,,,,,,,,,,,,
3,"Ed, Edd n Eddy",ED,EDD,EDDY,,,,,,,,,,,,,,,,,,,,,,,
3,Enchanter series,ENCHANTER,SORCERER,SPELLBREAKER,,,,,,,,,,,,,,,,,,,,,,,
3,FBI motto,FIDELITY,BRAVERY,INTEGRITY,,,,,,,,,,,,,,,,,,,,,,,
3,Field of medicine,EAR,NOSE,THROAT,,,,,,,,,,,,,,,,,,,,,,,
3,Fire directions,STOP,DROP,ROLL,,,,,,,,,,,,,,,,,,,,,,,
3,First person things,ME,MYSELF,I,,,,,,,,,,,,,,,,,,,,,,,
3,Folk group,PETER,PAUL,MARY,,,,,,,,,,,,,,,,,,,,,,,
3,Forced QnA Game,KISS/BANG/FUCK,MARRY,KILL,,,,,,,,,,,,,,,,,,,,,,,
3,French Republic motto,LIBERTE,EGALITE,FRATERNITE,,,,,,,,,,,,,,,,,,,,,,,
3,Freudian things,ID,EGO,SUPEREGO,,,,,,,,,,,,,,,,,,,,,,,
3,From the Leviathan,NASTY,BRUTISH,SHORT,,,,,,,,,,,,,,,,,,,,,,,
3,game name,TIC,TAC,TOE,,,,,,,,,,,,,,,,,,,,,,,
3,Generation II (Pokemon),GOLD,SILVER,CRYSTAL,,,,,,,,,,,,,,,,,,,,,,,
3,Generation III (Pokemon),RUBY,SAPPHIRE,EMERALD,,,,,,,,,,,,,,,,,,,,,,,
3,Generation IV (Pokemon),DIAMOND,PEARL,PLATINUM,,,,,,,,,,,,,,,,,,,,,,,
3,Generic lengths,SHORT,MEDIUM,LONG,,,,,,,,,,,,,,,,,,,,,,,
3,Generic sizes,SMALL,MEDIUM,LARGE,,,,,,,,,,,,,,,,,,,,,,,
3,Geologic eras (in the Phanerozic),PALEOZOIC,MESOZOIC,CENOZOIC,,,,,,,,,,,,,,,,,,,,,,,
3,Gifts of the Magi,GOLD,FRANKINCENSE,MYRRH,,,,,,,,,,,,,,,,,,,,,,,
3,Greek Dreams (Oneiroi),HYPNOS,THANATOS,GERAS,,,,,,,,,,,,,,,,,,,,,,,
3,Greek Fates (Moirai),ATROPOS,CLOTHO,LACHESIS,,,,,,,,,,,,,,,,,,,,,,,
3,Greek Graces (Charites),AGLAEA,EUPHROSYNE,THALIA,,,,,,,,,,,,,,,,,,,,,,,
3,Group name / elemental energies?,EARTH,WIND,FIRE,,,,,,,,,,,,,,,,,,,,,,,
3,Harry Potter Trio,HARRY POTTER,RON WEASLEY,HERMIONE GRANGER,,,,,,,,,,,,,,,,,,,,,,,
3,Hegelian philosophy,THESIS,ANTITHESIS,SYNTHESIS,,,,,,,,,,,,,,,,,,,,,,,
3,Hitchhiker’s Guide to the Galaxy quote (=42),LIFE,THE UNIVERSE,EVERYTHING,,,,,,,,,,,,,,,,,,,,,,,
3,Holy Trinity,FATHER,SON,THE HOLY GHOST,,,,,,,,,,,,,,,,,,,,,,,
3,Idiom,CALM,COOL,COLLECTED,,,,,,,,,,,,,,,,,,,,,,,
3,"Idiom – “everything”, derived from the parts of a gun",LOCK,STOCK,BARREL,,,,,,,,,,,,,,,,,,,,,,,
3,Idiom – in charge of the whole process,JUDGE,JURY,EXECUTIONER,,,,,,,,,,,,,,,,,,,,,,,
3,Idiom – multiple unspecified people,TOM,DICK,HARRY,,,,,,,,,,,,,,,,,,,,,,,
3,Imperial Regalia of Japan,SWORD,MIRROR,JEWEL,,,,,,,,,,,,,,,,,,,,,,,
3,Insect Morphology(Body parts),HEAD,THORAX,ABDOMEN,,,,,,,,,,,,,,,,,,,,,,,
3,Jared Diamond book,GUNS,GERMS,STEEL,,,,,,,,,,,,,,,,,,,,,,,
3,Julius Caesar conquest quote,VENI,VIDI,VICI,,,,,,,,,,,,,,,,,,,,,,,
3,Kami (Pokemon),TORNADUS,THUNDURUS,LANDORUS,,,,,,,,,,,,,,,,,,,,,,,
3,Keyboard shortcut,CONTROL,ALT,DELETE,,,,,,,,,,,,,,,,,,,,,,,
3,King Lear’s daughters,GONERIL,REGAN,CORDELIA,,,,,,,,,,,,,,,,,,,,,,,
3,Kingston Trio,DAVE GUARD,BOB SHANE,NICK REYNOLDS,,,,,,,,,,,,,,,,,,,,,,,
3,Lack of senses,DEAF,DUMB,BLIND,,,,,,,,,,,,,,,,,,,,,,,
3,Lake Guardians (Pokemon),AZELF,MESPRIT,UXIE,,,,,,,,,,,,,,,,,,,,,,,
3,Legendary Beasts (Pokemon),RAIKOU,ENTEI,SUICUNE,,,,,,,,,,,,,,,,,,,,,,,
3,Legendary Birds (Pokemon),ARTICUNO,ZAPDOS,MOLTRES,,,,,,,,,,,,,,,,,,,,,,,
3,Legendary Titans (Pokemon),REGIROCK,REGICE,REGISTEEL,,,,,,,,,,,,,,,,,,,,,,,
3,Leninist/Bolshevik motto,PEACE,LAND,BREAD,,,,,,,,,,,,,,,,,,,,,,,
3,Light Trio (Pokemon),SOLGALEO,LUNALA,NECROZMA,,,,,,,,,,,,,,,,,,,,,,,
3,Lord of the Rings trilogy,FELLOWSHIP OF THE RING,TWO TOWERS,RETURN OF THE KING,,,,,,,,,,,,,,,,,,,,,,,
3,Macbeth quote,BLOODY,BOLD,RESOLUTE,,,,,,,,,,,,,,,,,,,,,,,
3,Mahjong Dragons,RED,GREEN,WHITE,,,,,,,,,,,,,,,,,,,,,,,
3,Mahjong Main Suits,BAMBOO,CHARACTER,DOTS/PINS/CIRCLES,,,,,,,,,,,,,,,,,,,,,,,
3,Mahjong Meld Calls,CHII / CHOW,PON / PONG,KAN / KONG,,,,,,,,,,,,,,,,,,,,,,,
3,Marine Corps insignia,EAGLE,GLOBE,ANCHOR,,,,,,,,,,,,,,,,,,,,,,,
3,Mark Antony speech in Julius Caesar (Shakespeare),FRIENDS,ROMANS,COUNTRYMEN,,,,,,,,,,,,,,,,,,,,,,,
3,Mark Twain quote,LIES,DAMNED LIES,STATISTICS,,,,,,,,,,,,,,,,,,,,,,,
3,Meals,BREAKFAST,LUNCH,DINNER (SUPPER),,,,,,,,,,,,,,,,,,,,,,,
3,Metasyntactic variables,FOO,BAR,BAZ,,,,,,,,,,,,,,,,,,,,,,,
3,Methods of transportation,LAND,SEA,AIR,,,,,,,,,,,,,,,,,,,,,,,
3,movie phrase,LIGHTS,CAMERA,ACTION,,,,,,,,,,,,,,,,,,,,,,,
3,Movie title,LOVE,HONOR,OBEY,,,,,,,,,,,,,,,,,,,,,,,
3,Movie title,LOVE,VALOUR,COMPASSION,,,,,,,,,,,,,,,,,,,,,,,
3,Movie title,SEX,LIES,VIDEOTAPE,,,,,,,,,,,,,,,,,,,,,,,
3,Movie title,TALL,DARK,HANDSOME,,,,,,,,,,,,,,,,,,,,,,,
3,Naruto Trio,NARUTO UZAMAKI,SAKURA HARUNO,SASUKE UCHIHA,,,,,,,,,,,,,,,,,,,,,,,
3,Navy motto,HONOR,COURAGE,COMMITMENT,,,,,,,,,,,,,,,,,,,,,,,
3,Neapolitan ice cream flavors,CHOCOLATE,VANILLA,STRAWBERRY,,,,,,,,,,,,,,,,,,,,,,,
3,New Deal mantra,RELIEF,RECOVERY,REFORM,,,,,,,,,,,,,,,,,,,,,,,
3,no,IFS,ANDS,or BUTS,,,,,,,,,,,,,,,,,,,,,,,
3,Noah’s sons,HAM,SHEM,JAPHETH,,,,,,,,,,,,,,,,,,,,,,,
3,North Carolina Research Triangle,RALEIGH,DURHAM,CHAPEL HILL,,,,,,,,,,,,,,,,,,,,,,,
3,Ohioan C Cities,COLUMBUS,CLEVELAND,CINCINNATI,,,,,,,,,,,,,,,,,,,,,,,
3,Olympic Medals,GOLD,SILVER,BRONZE,,,,,,,,,,,,,,,,,,,,,,,
3,Olympic Motto (English),FASTER,HIGHER,STRONGER,,,,,,,,,,,,,,,,,,,,,,,
3,Olympic motto (Latin),CITIUS,ALTIUS,FORTIUS,,,,,,,,,,,,,,,,,,,,,,,
3,Original Charlie Angels,JACLYN SMITH,FARAH FAWCETT,KATE JACKSON ,,,,,,,,,,,,,,,,,,,,,,,
3,outcomes,WIN,LOSE,DRAW (TIE),,,,,,,,,,,,,,,,,,,,,,,
3,phrase,COULD’VE,WOULD’VE,SHOULD’VE,,,,,,,,,,,,,,,,,,,,,,,
3,phrase,EAT,DRINK,BE MERRY,,,,,,,,,,,,,,,,,,,,,,,
3,phrase,FAT,DUMB,HAPPY,,,,,,,,,,,,,,,,,,,,,,,
3,phrase,GET IT,GOT IT,GOOD,,,,,,,,,,,,,,,,,,,,,,,
3,phrase,GOOD,BAD,UGLY,,,,,,,,,,,,,,,,,,,,,,,
3,phrase,LEFT,RIGHT,CENTER,,,,,,,,,,,,,,,,,,,,,,,
3,phrase,MAD,BAD,DANGEROUS,,,,,,,,,,,,,,,,,,,,,,,
3,phrase,SIGNED,SEALED,DELIVERED,,,,,,,,,,,,,,,,,,,,,,,
3,phrase,SLIPS,TRIPS,FALLS,,,,,,,,,,,,,,,,,,,,,,,
3,phrase,SOUP,SOAP,SALVATION,,,,,,,,,,,,,,,,,,,,,,,
3,phrase,SUGAR,SPICE,EVERYTHING NICE,,,,,,,,,,,,,,,,,,,,,,,
3,phrase,THIS,THAT,THE OTHER,,,,,,,,,,,,,,,,,,,,,,,
3,phrase,UP,DOWN,SIDEWAYS,,,,,,,,,,,,,,,,,,,,,,,
3,phrase,WAY,SHAPE,or FORM,,,,,,,,,,,,,,,,,,,,,,,
3,phrase,WHATS,WHYS,WHEREFORES,,,,,,,,,,,,,,,,,,,,,,,
3,Phrase,GASLIGHT,GATEKEEP,GIRLBOSS,,,,,,,,,,,,,,,,,,,,,,,
3,Phrase,LIVE,LAUGH,LOVE,,,,,,,,,,,,,,,,,,,,,,,
3,Phrase,MANIPULATE,MANSPLAIN,MANSLAUGHTER/MALEWIFE/MANWHORE,,,,,,,,,,,,,,,,,,,,,,,
3,Phrase,NO,NUT,NOVEMBER,,,,,,,,,,,,,,,,,,,,,,,
3,Phrase,IMPROVISE,ADAPT,OVERCOME,,,,,,,,,,,,,,,,,,,,,,,
3,phrase?,HAND,FOOT,MOUTH,,,,,,,,,,,,,,,,,,,,,,,
3,Pittsburg rivers,ALLEGHENY,MONONGAHELA,OHIO,,,,,,,,,,,,,,,,,,,,,,,
3,Pokemon Go Teams,INSTINCT,MYSTIC,VALOR,,,,,,,,,,,,,,,,,,,,,,,
3,Portugal revolution,DECOLONIZATION,DEMOCRATIZATION,DEVELOPMENT,,,,,,,,,,,,,,,,,,,,,,,
3,Powerpuff Girls,BLOSSOM,BUBBLES,BUTTERCUP,,,,,,,,,,,,,,,,,,,,,,,
3,Primary colors (light),RED,GREEN,BLUE,,,,,,,,,,,,,,,,,,,,,,,
3,"Primary colors (paint); also, Generation I (Pokemon)",RED,YELLOW,BLUE,,,,,,,,,,,,,,,,,,,,,,,
3,Printer colors,CYAN,MAGENTA,YELLOW,,,,,,,,,,,,,,,,,,,,,,,
3,Procedure of excommunication,BELL,BOOK,CANDLE,,,,,,,,,,,,,,,,,,,,,,,
3,Professions mentioned in “Rub-a-dub-dub”,BUTCHER,BAKER,CANDLESTICK MAKER,,,,,,,,,,,,,,,,,,,,,,,
3,Progressive Rock supergroup,EMERSON,LAKE,PALMER,,,,,,,,,,,,,,,,,,,,,,,
3,Python metasyntactic variables,SPAM,HAM,EGGS,,,,,,,,,,,,,,,,,,,,,,,
3,Quote from Henry V (Shakespeare,HARRY,ENGLAND,ST. GEORGE,,,,,,,,,,,,,,,,,,,,,,,
3,Random Event Trio (Pokemon),KELDEO,MELOETTA,GENESECT,,,,,,,,,,,,,,,,,,,,,,,
3,Real estate,LOCATION,LOCATION,LOCATION,,,,,,,,,,,,,,,,,,,,,,,
3,Regular n-D polytope families,SIMPLEX,HYPERCUBE,CROSS POLYTOPE,,,,,,,,,,,,,,,,,,,,,,,
3,Retail Store Chain,BED,BATH,BEYOND,,,,,,,,,,,,,,,,,,,,,,,
3,Rice Krispies mascots,SNAP,CRACKLE,POP,,,,,,,,,,,,,,,,,,,,,,,
3,Roadway safety slogan,STOP,LOOK,LISTEN,,,,,,,,,,,,,,,,,,,,,,,
3,Rock star life phrase,SEX,DRUGS,ROCK AND ROLL,,,,,,,,,,,,,,,,,,,,,,,
3,Roman motto,CONCORDIA,SALUS,PAX,,,,,,,,,,,,,,,,,,,,,,,
3,Rough cathegorization scheme,ANIMAL,PLANT/VEGETABLE,MINERAL,,,,,,,,,,,,,,,,,,,,,,,
3,RPS options,ROCK,PAPER,SCISSORS,,,,,,,,,,,,,,,,,,,,,,,
3,Saying derived from fishing,HOOK,LINE,SINKER,,,,,,,,,,,,,,,,,,,,,,,
3,Saying that captures elements of a hedonistic lifestyle,WINE,WOMEN,SONG,,,,,,,,,,,,,,,,,,,,,,,
3,Scandinavia,SWEDEN,DENMARK,NORWAY,,,,,,,,,,,,,,,,,,,,,,,
3,Secondary colors (paint),GREEN,ORANGE,PURPLE,,,,,,,,,,,,,,,,,,,,,,,
3,Seuss phrase?,HERE,THERE,ANYWHERE,,,,,,,,,,,,,,,,,,,,,,,
3,Shampoo instruction,LATHER,RINSE,REPEAT,,,,,,,,,,,,,,,,,,,,,,,
3,"Shonen Jump ""Biggest"" Big 3",ONE PIECE,BLEACH,NARUTO,,,,,,,,,,,,,,,,,,,,,,,
3,Shrek 1 Trio,SHREK,FIONA,DONKEY,,,,,,,,,,,,,,,,,,,,,,,
3,Soldier Stuff,BEANS,BULLETS,BANDAGES/BATTERIES/BAND-AIDS,,,,,,,,,,,,,,,,,,,,,,,
3,Song name,LAWYERS,GUNS,MONEY,,,,,,,,,,,,,,,,,,,,,,,
3,Song Title,BEG,STEAL,BORROW,,,,,,,,,,,,,,,,,,,,,,,
3,Song Title,BEWITCHED,BOTHERED,BEWILDERED,,,,,,,,,,,,,,,,,,,,,,,
3,Song title,SHAKE,RATTLE,ROLL,,,,,,,,,,,,,,,,,,,,,,,
3,Sons of Cronus,ZEUS,POSEIDON,HADES,,,,,,,,,,,,,,,,,,,,,,,
3,Star Wars Trio,LUKE SKYWALKER,PRINCESS LEIA ORGANA,HAN SOLO,,,,,,,,,,,,,,,,,,,,,,,
3,Starbucks sizes,TALL,VENTI,GRANDE,,,,,,,,,,,,,,,,,,,,,,,
3,Starcraft races,PROTOSS,TERRAN,ZERG,,,,,,,,,,,,,,,,,,,,,,,
3,States of Matter,SOLID,LIQUID,GAS,,,,,,,,,,,,,,,,,,,,,,,
3,States of Matter (water),ICE,WATER,VAPOR,,,,,,,,,,,,,,,,,,,,,,,
3,Survivor slogan,OUTWIT,OUTLAST,OUTPLAY,,,,,,,,,,,,,,,,,,,,,,,
3,Swords of Justice (Pokemon),COBALION,TERRAKION,VIRIZION,,,,,,,,,,,,,,,,,,,,,,,
3,Tao Dragons(Pokemon),RESHIRAM,ZEKROM,KYUREM,,,,,,,,,,,,,,,,,,,,,,,
3,Tennis point groupings,GAME,SET,MATCH,,,,,,,,,,,,,,,,,,,,,,,
3,The Bees Gees,BARRY,ROBIN,MAURICE GIBB,,,,,,,,,,,,,,,,,,,,,,,
3,The Bold Type Trio,SUTTON,JANE ,KAT,,,,,,,,,,,,,,,,,,,,,,,
3,The Core Marx Brothers,CHIRCO,HARPO,GROUCHO,,,,,,,,,,,,,,,,,,,,,,,
3,The Psychology of Survivor,OUTWIT,OUTPLAY,OUTLAST,,,,,,,,,,,,,,,,,,,,,,,
3,The Three Stooges,LARRY,CURLY,MOE,,,,,,,,,,,,,,,,,,,,,,,
3,Things fought for by Superman,TRUTH,JUSTICE,THE AMERICAN WAY,,,,,,,,,,,,,,,,,,,,,,,
3,Things that don’t stop the post office,RAIN,SLEET,SNOW,,,,,,,,,,,,,,,,,,,,,,,
3,Three “R” subjects,READING,WRITING,ARITHMETIC,,,,,,,,,,,,,,,,,,,,,,,
3,Three Amigos Trio,STEVE MARTIN,CHEVY CHASE,MARTIN SHORT,,,,,,,,,,,,,,,,,,,,,,,
3,Three B's of Music,BACH,BEETHOVEN,BRAHMS,,,,,,,,,,,,,,,,,,,,,,,
3,Three Blind Mice,LELAND,PRESCOTT,THADDEUS,,,,,,,,,,,,,,,,,,,,,,,
3,Three branches of U.S. government,EXECUTIVE,LEGISLATIVE,JUDICIAL,,,,,,,,,,,,,,,,,,,,,,,
3,Three certainties,INTENTION,SUBJECT MATTER,OBJECTS,,,,,,,,,,,,,,,,,,,,,,,
3,Three Erinyes / Fury Sisters,ALECTO,MEGERA,CTESIPHON,,,,,,,,,,,,,,,,,,,,,,,
3,Three generations of particles,ELECTRON,MUON,TAUON,,,,,,,,,,,,,,,,,,,,,,,
3,Three Kingdoms,WEI,SHU,WU,,,,,,,,,,,,,,,,,,,,,,,
3,Three Levels of Leadership,PERSONAL,PRIVATE,PUBLIC,,,,,,,,,,,,,,,,,,,,,,,
3,Three Little Pigs materials,STRAW,STICKS,BRICKS,,,,,,,,,,,,,,,,,,,,,,,
3,Three Musketeers,ATHOS,PORTHOS,ARAMIS,,,,,,,,,,,,,,,,,,,,,,,
3,Three Patriarchs,ABRAHAM,ISAAC,JACOB,,,,,,,,,,,,,,,,,,,,,,,
3,Three RE’s,REDUCE,REUSE,RECYCLE,,,,,,,,,,,,,,,,,,,,,,,
3,Three Stooges,LARRY,MOE,CURLY,,,,,,,,,,,,,,,,,,,,,,,
3,Three Tenors,DOMINGO,CARRERAS,PAVAROTTI,,,,,,,,,,,,,,,,,,,,,,,
3,Three theological virtues,FAITH,HOPE,CHARITY,,,,,,,,,,,,,,,,,,,,,,,
3,Three Wise Monkeys (English),SEE NO EVIL,HEAR NO EVIL,SPEAK NO EVIL,,,,,,,,,,,,,,,,,,,,,,,
3,Three Wise Monkeys (Japanese),MIZARU,KIKAZARU,IWAZARU,,,,,,,,,,,,,,,,,,,,,,,
3,Three-act structure,SETUP,CONFRONTATION,RESOLUTION,,,,,,,,,,,,,,,,,,,,,,,
3,Three-age system,STONE AGE,BRONZE AGE,IRON AGE,,,,,,,,,,,,,,,,,,,,,,,
3,Three-phase traffic,FREE FLOW,SYNCHRONIZED FLOW,WIDE MOVING JAM,,,,,,,,,,,,,,,,,,,,,,,
3,Three's Company Trio,JACK TRIPPER,JANET WOOD,CHRISSY SNOW,,,,,,,,,,,,,,,,,,,,,,,
3,Threefold office,PROPHET,PRIEST,KING,,,,,,,,,,,,,,,,,,,,,,,
3,Top three in horse racing,WIN,PLACE,SHOW,,,,,,,,,,,,,,,,,,,,,,,
3,Traffic light colors,GREEN,YELLOW,RED,,,,,,,,,,,,,,,,,,,,,,,
3,Traffic light meanings,GO,SLOW,STOP,,,,,,,,,,,,,,,,,,,,,,,
3,transportation,PLANES,TRAINS,AUTOMOBILES,,,,,,,,,,,,,,,,,,,,,,,
3,Transportation mnemonic,RED,RIGHT,RETURN,,,,,,,,,,,,,,,,,,,,,,,
3,Triangles by equal sides,EQUILATERAL,ISOSCELES,SCALENE,,,,,,,,,,,,,,,,,,,,,,,
3,Triathlon sports,SWIMMING,BICYCLING,RUNNING,,,,,,,,,,,,,,,,,,,,,,,
3,Trikarnanasuddhi,MANASA (MIND),VACHA (SPEECH),KARMANA (ACTIONS),,,,,,,,,,,,,,,,,,,,,,,
3,Trimurti,BRAHMA,VISHNU,SHIVA,,,,,,,,,,,,,,,,,,,,,,,
3,Triple Alliance,GERMANY,AUSTRIA-HUNGARY,ITALY,,,,,,,,,,,,,,,,,,,,,,,
3,Triple Crown components,KENTUCKY DERBY,PREAKNESS STAKES,BELMONT STAKES,,,,,,,,,,,,,,,,,,,,,,,
3,Triple Entente,RUSSIAN EMPIRE,FRENCH REPUBLIC,UNITED KINGDOM,,,,,,,,,,,,,,,,,,,,,,,
3,Triple jump,HOP,SKIP,JUMP,,,,,,,,,,,,,,,,,,,,,,,
3,Twilight Love Triangle,EDWARD CULLEN,BELLA SWAN,JACOB BLACK,,,,,,,,,,,,,,,,,,,,,,,
3,Types of pillars,DORIC,IONIC,CORINTHIAN,,,,,,,,,,,,,,,,,,,,,,,
3,Uniform tessellations,TRIANGULAR,SQUARE,HEXAGONAL,,,,,,,,,,,,,,,,,,,,,,,
3,US Army Airborne School Training Weeks,GROUND,TOWER,JUMP,,,,,,,,,,,,,,,,,,,,,,,
3,Weather Trio (Pokemon),GROUDON,KYOGRE,RAYAQUAZA,,,,,,,,,,,,,,,,,,,,,,,
3,West Point motto,DUTY,HONOR,COUNTRY,,,,,,,,,,,,,,,,,,,,,,,
3,Winston Churchill’s speech,BLOOD,SWEAT,TEARS,,,,,,,,,,,,,,,,,,,,,,,
3,Wizard of Oz quote,LIONS,TIGERS,BEARS,,,,,,,,,,,,,,,,,,,,,,,
3,Yggdrasil Trio (Pokemon),XERNEAS,YVELTAL,ZYGARDE,,,,,,,,,,,,,,,,,,,,,,,
3,Zoroastrian Creed / Philosophy,HUMATA (GOOD THOUGHTS),HUKHTA (GOOD WORDS),HVARSHTA (GOOD DEEDS),,,,,,,,,,,,,,,,,,,,,,,
4,4-H,HEAD,HEART,HANDS,HEALTH,,,,,,,,,,,,,,,,,,,,,,
4,4-stroke engine,INTAKE,COMPRESSION,POWER,EXHAUST,,,,,,,,,,,,,,,,,,,,,,
4,ADSR,ATTACK,DECAY,SUSTAIN,RELEASE,,,,,,,,,,,,,,,,,,,,,,
4,Agrippa's Four Princes of Devils in the Elements,SAMAEL (FIRE),AZAZEL (AIR),AZRAEL (WATER),MAHAZAEL (EARTH),,,,,,,,,,,,,,,,,,,,,,
4,Agrippa's Four Princes of Spirits in Directions,ORIENS (EAST),PAYMON (WEST),EGYN (NORTH),AMAYMON (SOUTH),,,,,,,,,,,,,,,,,,,,,,
4,Andre Walker Hair Typing System Types,STRAIGHT,WAVY,CURLY,KINKY-COILY,,,,,,,,,,,,,,,,,,,,,,
4,Animal Crossing Snowman Types,SNOWTYKE,SNOWBOY,SNOWMAM,SNOWMAN,,,,,,,,,,,,,,,,,,,,,,
4,Arts of the Chinese Scholar,QIN,WEIQI/GO,CALLIGRAPHY,PAINTING,,,,,,,,,,,,,,,,,,,,,,
4,Baldwin brothers,ALEC,WILLIAM,STEPHEN,DANIEL,,,,,,,,,,,,,,,,,,,,,,
4,Baseball bases,FIRST,SECOND,THIRD,HOME,,,,,,,,,,,,,,,,,,,,,,
4,Big Four accounting firms,DELOITTE TOUCHE TOHMATSU LIMITED,ERNST & YOUNG GLOBAL LIMITED (EY),KPMG INTERNATIONAL LIMITED (KPMG),PRICEWATERHOUSECOOPERS (PWC),,,,,,,,,,,,,,,,,,,,,,
4,Brain lobes (also see 5),FRONTAL,PARIETAL,OCCIPITAL,TEMPORAL,,,,,,,,,,,,,,,,,,,,,,
4,Canonical Gospels (Christianity),MATTHEW,MARK,LUKE,JOHN,,,,,,,,,,,,,,,,,,,,,,
4,Card suits,HEARTS,DIAMONDS,CLUBS,SPADES,,,,,,,,,,,,,,,,,,,,,,
4,Cardinal directions,NORTH,SOUTH,EAST,WEST,,,,,,,,,,,,,,,,,,,,,,
4,Classical elements,AIR,EARTH,FIRE,WATER,,,,,,,,,,,,,,,,,,,,,,
4,Crown Princes of Demons,LUCIFER (THE MORNING STAR),LEVIATHAN (SERPENT OF THE ABYSS),SATAN (LORD OF THE INFERNO),BELIAL (WITHOUT A MASTER),,,,,,,,,,,,,,,,,,,,,,
4,CYMK color model,CYAN,YELLOW,MAGENTA,KEY,,,,,,,,,,,,,,,,,,,,,,
4,Daft Punk Song,HARDER,BETTER,FASTER,STRONGER,,,,,,,,,,,,,,,,,,,,,,
4,Directions,UP,DOWN,LEFT,RIGHT,,,,,,,,,,,,,,,,,,,,,,
4,EGOT Awards,EMMY,GRAMMY,OSCAR (ACADEMY),TONY,,,,,,,,,,,,,,,,,,,,,,
4,English rhyme,OLD,NEW,BORROWED,BLUE,,,,,,,,,,,,,,,,,,,,,,
4,Fantastic Four,MISTER FANTASTIC (REED RICHARDS),INVISIBLE WOMAN (SUSAN STORM),THE HUMAN TORCH (JOHNNY STORM),THE THING (BEN GRIMM),,,,,,,,,,,,,,,,,,,,,,
4,First Order Greeks (Finance),DELTA,THETA,VEGA,RHO,,,,,,,,,,,,,,,,,,,,,,
4,Forces,GRAVITY,ELECTROMAGNETIC,WEAK NUCLEAR,STRONG NUCLEAR,,,,,,,,,,,,,,,,,,,,,,
4,Four Asian Tigers,SOUTH KOREA,TAIWAN,SINGAPORE,HONG KONG,,,,,,,,,,,,,,,,,,,,,,
4,Four Auspicious Beasts,AZURE DRAGON OF THE EAST,VERMILION BIRD OF THE SOUTH,WHITE TIGER OF THE WEST,BLACK TORTOISE OF THE NORTH,,,,,,,,,,,,,,,,,,,,,,
4,Four Books (Chinese Confucianism),GREAT LEARNING,DOCTRINE OF THE MEAN,ANALECTS,MENCIUS,,,,,,,,,,,,,,,,,,,,,,
4,Four Corners states,ARIZONA,COLORADO,NEW MEXICO,UTAH,,,,,,,,,,,,,,,,,,,,,,
4,Four Estates,POLITICS,ADMINISTRATION,JUDICIARY,JOURNALISM,,,,,,,,,,,,,,,,,,,,,,
4,Four Freedoms,FREEDOM OF SPEECH,FREEDOM OF WORSHIP,FREEDOM FROM WANT,FREEDOM FROM FEAR,,,,,,,,,,,,,,,,,,,,,,
4,Four Gentlemen / Noble Ones / Mahjong Flowers,PLUM BLOSSOM,ORCHID,BAMBOO,CHRYSANTHEMUM,,,,,,,,,,,,,,,,,,,,,,
4,Four Horsemen,DEATH,FAMINE,PESTILENCE,WAR,,,,,,,,,,,,,,,,,,,,,,
4,Four Noble Professions of Ancient China,FISHERMAN,WOODCUTTER,FARMER,SCHOLAR,,,,,,,,,,,,,,,,,,,,,,
4,Four seasons (Vivaldi),PRIMAVERA,ESTATE,AUTUNNO,INVERNO,,,,,,,,,,,,,,,,,,,,,,
4,Four states of matter,GAS,LIQUID,PLASMA,SOLID,,,,,,,,,,,,,,,,,,,,,,
4,Four winds,BOREAS,NOTUS,ZEPHYR/ZEPHYRUS,EUROS,,,,,,,,,,,,,,,,,,,,,,
4,Four-Leaf Clover meanings,HOPE,FAITH,LOVE,LUCK,(PROSPERITY),(FAME),(LONGEVITY),,,,,,,,,,,,,,,,,,,
4,Galilean moons of Jupiter,GANYMEDE,CALLISTO,IO,EUROPA,,,,,,,,,,,,,,,,,,,,,,
4,Gang of Four,JIANG QING,WANG HONGWEN,YAO WENYUAN,ZHANG CHUNQIAO,,,,,,,,,,,,,,,,,,,,,,
4,Gas Giants,JUPITER,SATURN,URANUS,NEPTUNE,,,,,,,,,,,,,,,,,,,,,,
4,Genetic bases (DNA),ADENINE,CYTOSINE,GUANINE,THYMINE,,,,,,,,,,,,,,,,,,,,,,
4,Genetic bases (RNA),ADENINE,CYTOSINE,GUANINE,URACIL,,,,,,,,,,,,,,,,,,,,,,
4,Geologic Eons,HADEAN,ARCHEAN,PROTEROZOIC,PHANEROZOIC,,,,,,,,,,,,,,,,,,,,,,
4,Geologic Timescales,EON,ERA,PERIOD,EPOCH,,,,,,,,,,,,,,,,,,,,,,
4,Hogwarts House Founders,GODRIC GRYFFINDOR,SALAZAR SLYTHERIN,HELGA HUFFLEPUFF,ROWENA RAVENCLAW,,,,,,,,,,,,,,,,,,,,,,
4,Hogwarts House Ghosts,NEARLY HEADLESS NICK,THE BLOODY BARON,THE FAT FRIAR,THE GREY LADY,,,,,,,,,,,,,,,,,,,,,,
4,Hogwarts House Mascots,LION,SERPENT,BADGER,EAGLE,,,,,,,,,,,,,,,,,,,,,,
4,Hogwarts Houses,GRYFFINDOR,SLYTHERIN,HUFFLEPUFF,RAVENCLAW,,,,,,,,,,,,,,,,,,,,,,
4,Honors,JACK,QUEEN,KING,and ACE,,,,,,,,,,,,,,,,,,,,,,
4,Human elements,CARBON,HYDROGEN,OXYGEN,NITROGEN,,,,,,,,,,,,,,,,,,,,,,
4,Humors,CHOLERIC,SANGUINE,PHLEGMATIC,MELANCHOLIC,,,,,,,,,,,,,,,,,,,,,,
4,Indiana Jones movies,ARK,TEMPLE,CRUSADE,SKULL,,,,,,,,,,,,,,,,,,,,,,
4,Intercardinal directions,NORTHWEST,NORTHEAST,SOUTHWEST,SOUTHEAST,,,,,,,,,,,,,,,,,,,,,,
4,Japanese Islands,HOKKAIDO,KYUSHU,SHIKOKU,HONSHU,,,,,,,,,,,,,,,,,,,,,,
4,King James Daemonologie Classification of Demons,SPECTRA,OBSESSION,POSSESSION,FAIRIES,,,,,,,,,,,,,,,,,,,,,,
4,Latin Winds,SEPTENTRIO,FAVONIUS,AUSTER,SUBSOLANUS,,,,,,,,,,,,,,,,,,,,,,
4,Levels of measurement,CATEGORICAL (NOMINAL),ORDINAL,INTERVAL,RATIO,,,,,,,,,,,,,,,,,,,,,,
4,Little Women,JO,BETH,MEG,AMY,,,,,,,,,,,,,,,,,,,,,,
4,Metamorphism stages,EGG,LARVA,PUPA,IMAGO,,,,,,,,,,,,,,,,,,,,,,
4,Monopoly railroads,READING RAILROAD,PENNSYLVANIA RAILROAD,B & O RAILROAD,SHORT LINE,,,,,,,,,,,,,,,,,,,,,,
4,Named Derivatives of Momentum,MOMENTUM,FORCE,YANK,TUG,,,,,,,,,,,,,,,,,,,,,,
4,Nations composing the United Kingdom,ENGLAND,WALES,SCOTLAND,NORTHERN IRELAND,,,,,,,,,,,,,,,,,,,,,,
4,Natural Horse Gaits,WALK,TROT,CANTER,GALLOP,(BACK),,,,,,,,,,,,,,,,,,,,,
4,Ninja Turtles Colors,BLUE,PURPLE,RED,ORANGE,,,,,,,,,,,,,,,,,,,,,,
4,Ninja Turtles Weapons,KATANA,BOSTAFF,SAI,NUNCHUCKS,,,,,,,,,,,,,,,,,,,,,,
4,Nonsystematic organic prefixes,METH-,ETH-,PROP-,BUT-,,,,,,,,,,,,,,,,,,,,,,
4,Pac-Man Ghosts (English),INKY,BLINKY,PINKY,CLYDE,,,,,,,,,,,,,,,,,,,,,,
4,Pac-Man Ghosts (Japan),FICKLE,CHASER,AMBUSHER,STUPID,,,,,,,,,,,,,,,,,,,,,,
4,Playstation controller symbols,TRIANGLE,CIRCLE,CROSS,SQUARE,,,,,,,,,,,,,,,,,,,,,,
4,Printing colors,CYAN,MAGENTA,YELLOW,BLACK,,,,,,,,,,,,,,,,,,,,,,
4,Provinces of Ireland,CONNAUGHT,LEINSTER,MUNSTER,ULSTER,,,,,,,,,,,,,,,,,,,,,,
4,Quadrant classification,ALL,SINE,TANGENT,COSINE,,,,,,,,,,,,,,,,,,,,,,
4,Rhyme,EENY,MEENY,MINEY,MO,,,,,,,,,,,,,,,,,,,,,,
4,Rushmore heads,WASHINGTON,JEFFERSON,LINCOLN,ROOSEVELT,,,,,,,,,,,,,,,,,,,,,,
4,Scarborough Fair,PARSLEY,ROSEMARY,SAGE,and THYME,,,,,,,,,,,,,,,,,,,,,,
4,Seasons,SPRING,SUMMER,AUTUMN (FALL),WINTER,,,,,,,,,,,,,,,,,,,,,,
4,Seinfeld,SEINFELD,KRAMER,COSTANZA,BENES,,,,,,,,,,,,,,,,,,,,,,
4,Shikoku 4 Prefectures,TOKUSHIMA,KOCHI,EHIME,KAGAWA,,,,,,,,,,,,,,,,,,,,,,
4,Shikoku 4 Provinces,AWA,TOSA,IYO,SANUKI,,,,,,,,,,,,,,,,,,,,,,
4,Spectroscopic Notation,SHARP,PRINCIPAL,DIFFUSE,FUNDAMENTAL,,,,,,,,,,,,,,,,,,,,,,
4,Stages of Attainment (Buddism) ,SOTAPANNA,SAKADAGAMIN,ANAGAMI,ARAHANT,,,,,,,,,,,,,,,,,,,,,,
4,Stages of Culture Shock/Acceptance,Honeymoon,Fustration,Adjustment,(Isolation),Acceptance,,,,,,,,,,,,,,,,,,,,,
4,States of Matter,SOLID,LIQUID,GAS,PLASMA,,,,,,,,,,,,,,,,,,,,,,
4,String Quartet,VIOLIN I,VIOLIN II,VIOLA,CELLO,,,,,,,,,,,,,,,,,,,,,,
4,Stuff to be added,https://ja.wikipedia.org/wiki/%E4%B8%96%E7%95%8C%E5%9B%9B%E5%A4%A7%E4%B8%80%E8%A6%A7,,,,,,,Some is dubious,,,,,,,,,,,,,,,,,,
4,Swords of Justice (Pokemon),COBALION,TERRAKION,VIRIZION,KELDEO,,,,,,,,,,,,,,,,,,,,,,
4,Tarot Suits,CUPS,WANDS,SWORDS,PENTACLES,,,,,,,,,,,,,,,,,,,,,,
4,Tarot Suits,PENTACLES,COINS,RINGS,DISCS,,,,,,,,,,,,,,,,,,,,,,
4,Tarot Suits,WANDS,CLUBS,BATONS,STAVES,,,,,,,,,,,,,,,,,,,,,,
4,Teenage Ninja Mutant Turtles,RAPHAEL,LEONARDO,MICHELANGELO,DONATELLO,,,,,,,,,,,,,,,,,,,,,,
4,The Beatles,PAUL MCCARTNEY,JOHN LENNON,RINGO STARR,GEORGE HARRISON,,,,,,,,,,,,,,,,,,,,,,
4,The Grand Opus (alchemy),NIGREDO,ALBEDO,CITRINITAS,RUBEDO,,,,,,,,,,,,,,,,,,,,,,
4,Third Order Greeks (Finance),SPEED,ZOMMA,COLOR,ULTIMA,,,,,,,,,,,,,,,,,,,,,,
4,Times of Day,MORNING,AFTERNOON,EVENING,NIGHT,,,,,,,,,,,,,,,,,,,,,,
4,Types of Chocolate,DARK,MILK,WHITE,PINK,,,,,,,,,,,,,,,,,,,,,,
4,Typical Math Olympiad problem categorization,ALGEBRA,COMBINATORICS,GEOMETRY,NUMBER THEORY,,,,,,,,,,,,,,,,,,,,,,
4,Vincent van Gogh Painting,GRAPES,LEMON,PEARS,(and) ,APPLES,,,,,,,,,,,,,,,,,,,,,
4,Vincent van Gogh Painting,(still life with),APPLES,PEARS,LEMON,(and),GRAPES,,,,,,,,,,,,,,,,,,,,
4,Voices,SOPRANO,ALTO,TENOR,BASS,,,,,,,,,,,,,,,,,,,,,,
4,Wagner’s cycle,RHINEGOLD,VALKYRIE,SIEGRIED,TWILIGHT OF THE GODS,,,,,,,,,,,,,,,,,,,,,,
4,Warcraft III races,HUMANS,ORCS,NIGHT ELVES,UNDEAD,,,,,,,,,,,,,,,,,,,,,,
4,Year of the Four Emperors (69 AD),GALBA,OTHO,VITELLIUS,VESPASIAN,,,,,,,,,,,,,,,,,,,,,,
4,Years,FRESHMAN,SOPHOMORE,JUNIOR,SENIOR,,,,,,,,,,,,,,,,,,,,,,
5,5 Good Emperors (Roman),NERVA,TRAJAN,HADRIAN,ANTONINUS PIUS,MARCUS AURELIUS,,,,,,,,,,,,,,,,,,,,,
5,AES Finalist,RIJNDAEL,SERPENT,TWOFISH,RC6,MARS,,,,,,,,,,,,,,,,,,,,,
5,American grading system,A,B,C,D,F,,,,,,,,,,,,,,,,,,,,,
5,Angles under 360 degrees,ACUTE,RIGHT,OBTUSE,STRAIGHT,REFLEX,,,,,,,,,,,,,,,,,,,,,
5,Atmospheric layers,TROPOSPHERE,STRATOSPHERE,MESOSPHERE,THERMOSPHERE,EXOSPHERE,,,,,,,,,,,,,,,,,,,,,
5,Battleship pieces,AIRCRAFT CARRIER,BATTLESHIP,SUBMARINE,DESTROYER,PATROL BOAT,,,,,,,,,,,,,,,,,,,,,
5,Big Five football leagues,SPANISH LA LIGA,ENGLISH PREMIER LEAGUE,ITALIAN SERIE A,GERMAN BUNDESLIGA,FRENCH LIGUE 1,,,,,,,,,,,,,,,,,,,,,
5,Big Five Game Animals,LION,LEOPARD,RHINOCEROS,ELEPHANT,CAPE BUFFALO,,,,,,,,,,,,,,,,,,,,,
5,Birds under par,BIRDIE,EAGLE,ALBATROSS,CONDOR,OSTRICH,,,,,,,,,,,,,,,,,,,,,
5,Bop it Extreme,BOP IT,PULL IT,TWIST IT,FLICK IT,SPIN IT,,,,,,,,,,,,,,,,,,,,,
5,Branches of the U.S. Army,AIR FORCE,ARMY,COAST GUARD,MARINE CORPS,NAVY,,,,,,,,,,,,,,,,,,,,,
5,Captain Planet,EARTH,FIRE,WIND,WATER,HEART,,,,,,,,,,,,,,,,,,,,,
5,Chalcogens,OXYGEN,SULFUR,SELENIUM,TELLURIUM,POLONIUM,,,,,,,,,,,,,,,,,,,,,
5,D-Day Beaches,GOLD,JUNO,SWORD,UTAH,OMAHA,,,,,,,,,,,,,,,,,,,,,
5,DEFCON Exercise Terms,COCKED PISTOL,FAST PACE,ROUND HOUSE,DOUBLE TAKE,FADE OUT,,,,,,,,,,,,,,,,,,,,,
5,English vowels,A,E,I,O,U,,,,,,,,,,,,,,,,,,,,,
5,Fingers,THUMB,POINTER (INDEX),MIDDLE,RING,PINKY,,,,,,,,,,,,,,,,,,,,,
5,Five brain lobes (see 4),FRONTAL,PARIETAL,OCCIPITAL,TEMPORAL,LIMBIC,,,,,,,,,,,,,,,,,,,,,
5,Five Classics (Chinese Confucianism),CLASSIC OF POETRY,BOOK OF DOCUMENTS,BOOK OF RITES,I CHING / BOOK OF CHANGES,SPRING AND AUTUMN ANNALS,(CLASSIC OF MUSIC ),,,,,,,,,,,,,,,,,,,,
5,Five Dynasties (in the 5 Dynasties and 10 Kingdoms period),LATER LIANG,LATER TANG,LATER JIN,LATER HAN,LATER ZHOU,,,,,,,,,,,,,,,,,,,,,
5,Five Elements (Chinese),WOOD,FIRE,EARTH,METAL,WATER,,,,,,,,,,,,,,,,,,,,,
5,Five Pillars of Islam,FAITH,PRAYER,CHARITY,FASTING,PILGRIMAGE,,,,,,,,,,,,,,,,,,,,,
5,Five W’s,WHO,WHAT,WHERE,WHEN,WHY (HOW),,,,,,,,,,,,,,,,,,,,,
5,French mother sauces,BECHAMEL,ESPAGNOLE,HOLLANDAISE,TOMATE,VELOUTE,,,,,,,,,,,,,,,,,,,,,
5,Great Lakes,HURON,ONTARIO,MICHIGAN,ERIE,SUPERIOR,,,,,,,,,,,,,,,,,,,,,
5,Greek Mythology Underworld Rivers,ACHERON,COCYTUS,LETHE,PHLEGETHON,STYX,,,,,,,,,,,,,,,,,,,,,
5,Group 13 elements,BORON,ALUMINUM,GALLIUM,INDIUM,THALLIUM,,,,,,,,,,,,,,,,,,,,,
5,Group 14 elements,CARBON,SILICON,GERMANIUM,TIN,LEAD,,,,,,,,,,,,,,,,,,,,,
5,Halogens,FLUORINE,CHLORINE,BROMINE,IODINE,ASTATINE,,,,,,,,,,,,,,,,,,,,,
5,Hesiod's Ages of Man,GOLDEN AGE,SILVER AGE,BRONZE AGE,HEROIC AGE,IRON AGE,,,,,,,,,,,,,,,,,,,,,
5,HTTP Response Status Classes,INFORMATIONAL RESPONSE,SUCCESS,REDIRECTION,CLIENT ERRORS,SERVER ERRORS,,,,,,,,,,,,,,,,,,,,,
5,Hydrogen spectral lines,LYMAN,BALMER,PASCHEN,BRACKETT,PFUND,,,,,,,,,,,,,,,,,,,,,
5,Inside Out Emotion Characters,JOY,SADNESS,FEAR,ANGER,DISGUST,,,,,,,,,,,,,,,,,,,,,
5,iPod Models,CLASSIC,MINI,NANO,SHUFFLE,TOUCH,,,,,,,,,,,,,,,,,,,,,
5,Jackson 5,JACKIE,TITO,JERMAINE,MARLON,MICHAEL,,,,,,,,,,,,,,,,,,,,,
5,Major Food Groups,FRUITS,VEGETABLES,GRAINS,DAIRY,MEAT,,,,,,,,,,,,,,,,,,,,,
5,Mass Extinctions,ORDOVICIAN,LATE DEVONIAN,PERMIAN,TRIASSIC,CRETACEOUS,,,,,,,,,,,,,,,,,,,,,
5,Microwave frequency bands,KU,X,C,S,L,,,,,,,,,,,,,,,,,,,,,
5,MTG Basic Lands,PLAINS,ISLAND,SWAMP,MOUNTAIN,FOREST,,,,,,,,,,,,,,,,,,,,,
5,MTG elements,WHITE,BLUE,BLACK,RED,GREEN,,,,,,,,,,,,,,,,,,,,,
5,New Kids On The Block,JONATHAN KNIGHT,JORDAN KNIGHT,JOEY MCINTYRE,DONNIE WAHLBERG,DANNY WOOD,,,,,,,,,,,,,,,,,,,,,
5,NIST Finalist,BLAKE,GRØSTL (GROSTL),JH,KECCAK,SKEIN,,,,,,,,,,,,,,,,,,,,,
5,Nordic countries,SWEDEN,DENMARK,NORWAY,FINLAND,and ICELAND,,,,,,,,,,,,,,,,,,,,,
5,NSync,CHRIS KIRK PATRICK,JOEY FAT ONE,JUSTIN TIMBERLAKE,JC CHASEZ,LANCE BASS,,,,,,,,,,,,,,,,,,,,,
5,NYC boroughs,BRONX,BROOKLYN,MANHATTAN,QUEENS,STATEN ISLAND,,,,,,,,,,,,,,,,,,,,,
5,Old Testament books,GENESIS,EXODUS,LEVITICUS,NUMBERS,DEUTERONOMY,,,,,,,,,,,,,,,,,,,,,
5,Olympic Ring colors,BLUE,YELLOW,RED,BLACK,GREEN,,,,,,,,,,,,,,,,,,,,,
5,Original Power Rangers,JASON,TRINI,ZACK,KIMBERLY,BILLY,,,,,,,,,,,,,,,,,,,,,
5,Original Power Rangers Actors,AUSTIN ST JOHN,THUY TRANG,WALTER JONES,AMY JO JOHNSON,DAVID YOST,,,,,,,,,,,,,,,,,,,,,
5,Permanent Members of the UN Security Council,CHINA,FRANCE,RUSSIA,UNITED KINGDOM,UNITED STATES,,,,,,,,,,,,,,,,,,,,,
5,Pillars of Islam,SHAHADAH,SALAT,ZAKAT,SAWM,HAJJ,,,,,,,,,,,,,,,,,,,,,
5,Platonic Solids,TETRAHEDRON,CUBE,OCTAHEDRON,DODECAHEDRON,ICOSAHEDRON,,,,,,,,,,,,,,,,,,,,,
5,Pnictogens,NITROGEN,PHOSPHORUS,ARSENIC,ANTIMONY,BISMUTH,,,,,,,,,,,,,,,,,,,,,
5,Protocol Data Units in OSI Model,DATA,SEGMENT,PACKET,FRAME,BIT,,,,,,,,,,,,,,,,,,,,,
5,RPS expansion (Big Bang Theory),ROCK,PAPER,SCISSORS,LIZARD,SPOCK,,,,,,,,,,,,,,,,,,,,,
5,Sashisuseso (Japanese Seasoning Order Menemonic),SUGAR,SALT,VINEGER,SOY SAUCE,MISO,,,,,,,,,,,,,,,,,,,,,
5,Scooby Doo Characters,DAPHNE,FRED,SCOOBY,SHAGGY,VELMA,,,,,,,,,,,,,,,,,,,,,
5,Sega Consoles,SG-1000,MASTER SYSTEM,GENESIS,SATURN,DREAMCAST,,,,,,,,,,,,,,,,,,,,,
5,Senses,SIGHT,HEARING,TASTE,SMELL,TOUCH,,,,,,,,,,,,,,,,,,,,,
5,Settlers of Catan resources,BRICK (CLAY),LUMBER (WOOD),WOOL (SHEEP),GRAIN (WHEAT),ORE (ROCK),,,,,,,,,,,,,,,,,,,,,
5,Space Shuttles,ENDEAVOUR ,COLUMBIA,CHALLENGER,DISCOVERY,ATLANTIS,,,,,,,,,,,,,,,,,,,,,
5,Spice Girls,POSH,SCARY,BABY,SPORTY,GINGER,,,,,,,,,,,,,,,,,,,,,
5,Spice Girls,VICTORIA BECKHAM,MELANIE BROWN,EMMA BUNTON,MELANIE CHISHOLM,GERI HALLIWELL,,,,,,,,,,,,,,,,,,,,,
5,Spinal bones (top to bottom),CERVICAL (7),THORACIC (12),LUMBAR (5),SACRUM (5 fused),COCCYX (3-5),,,,,,,,,,,,,,,,,,,,,
5,Squares of Virtue in Snake and Ladders,FAITH (12),RELIABILITY (51),GENEROSITY (57),KNOWLEDGE (76),ASCETICISM (78),,,,,,,,,,,,,,,,,,,,,
5,Stages of grief,DENIAL,ANGER,BARGAINING,DEPRESSION,ACCEPTANCE,,,,,,,,,,,,,,,,,,,,,
5,Star Trek (Live Action),THE ORIGINAL SERIES,THE NEXT GENERATION,DEEP SPACE NINE,VOYAGER,ENTERPRISE,,,,,,,,,,,,,,,,,,,,,
5,Star Trek Captains,JAMES TIBERIUS KIRK,JEAN-LUC PICARD,BENJAMIN SISKO,KATHRYN JANEWAY,JONATHAN ARCHER,,,,,,,,,,,,,,,,,,,,,
5,Star Trek Captains Actors,WILLIAM SHATNER,PATRICK STEWART,AVERY BROOKS,KATE MULGREW,SCOTT BAKULA,,,,,,,,,,,,,,,,,,,,,
5,Tastes,SWEET,SALTY,SOUR,BITTER,UMAMI,,,,,,,,,,,,,,,,,,,,,
5,Tetrominos,I,L,O,S,T ,,,,,,,,,,,,,,,,,,,,,
5,The Five Good Emperors,NERVA,TRAJAN,HADRIAN,ANTONIUS PIUS,MARCUS AURELIUS,,,,,,,,,,,,,,,,,,,,,
5,The Marx Brothers,CHIRCO,HARPO,GROUCHO,GUMMO,ZEPPO,,,,,,,,,,,,,,,,,,,,,
5,The Mighty Handful,MUSSORGSKY,BALAKIREV,BORODIN,CUI,RIMSKY-KORSAKOV,,,,,,,,,,,,,,,,,,,,,
5,The Waste Land (T.S. Eliot),THE BURIAL OF THE DEAD,A GAME OF CHESS,THE FIRE SERMON,DEATH BY WATER,WHAT THE THUNDER SAID,,,,,,,,,,,,,,,,,,,,,
5,Tiger Cub Economies,INDONESIA,MALAYSIA,PHILIPPINES,THAILAND,VIETNAM,,,,,,,,,,,,,,,,,,,,,
5,UN geoscheme regional groups,AFRICA,AMERICAS,ASIA,EUROPE,OCEANIA,,,,,,,,,,,,,,,,,,,,,
5,War of the Five Kings – GoT (ordered by death),RENLY I BARATHEON,ROBB STARK,JOFFREY I BARATHEON,STANNIS I BARATHEON,BALON GREYJOY,,,,,,,,,,,,,,,,,,,,,
5,Year of the Five Emperors (193 AD),PERTINAX,DIDIUS JULIANUS,PESCENNIUS NIGER,CLODIUS ALBINUS,SEPTIMIUS SEVERUS,,,,,,,,,,,,,,,,,,,,,
6,"""CLUE"" Movie Actors",LESLIEANN WARREN,MARTIN MULL,MADELINE KHAN,MICHAEL MCKEAN,EILEEN BRENNAN,CHRISTOPHER LLOYD,,,,,,,,,,,,,,,,,,,,
6,"""FRIENDS"" TV Series Actors",DAVID SCHWIMMER,MATTLE BLANC,MATTHEW PERRY,JENNIFER ANISTON,COURTENEY COX/COXARQUETTE,LISA KUDROW,,,,,,,,,,,,,,,,,,,,
6,"""FRIENDS"" TV Series Characters",ROSS GELLAR,JOEY TRIBBIANI,CHANDLER BING,RACHEL GREEN,MONICA GELLAR,PHOEBE BUFFAY,,,,,,,,,,,,,,,,,,,,
6,AICPA Code of Conduct,RESPONSIBILITY,PUBLIC INTEREST,INTEGRITY,OBJECTIVITY AND INDEPENDENCE,DUE CARE,SCOPE AND NATURE OF SERVICES,,,,,,,,,,,,,,,,,,,,
6,Alkali earth metals,BERYLLIUM,MAGNESIUM,CALCIUM,STRONTIUM,BARIUM,RADIUM,,,,,,,,,,,,,,,,,,,,
6,Alkali metals,LITHIUM,SODIUM,POTASSIUM,RUBIDIUM,CESIUM,FRANCIUM,,,,,,,,,,,,,,,,,,,,
6,Ancient Chinese Six Arts,RITES,MUSIC,ARCHERY,CHARIOTRY / EQUESTRIANISM,CALLIGRAPHY,MATHEMATICS,,,,,,,,,,,,,,,,,,,,
6,Arimaa pieces,ELEPHANT,CAMEL,HORSE,DOG,CAT,RABBIT,,,,,,,,,,,,,,,,,,,,
6,Bloom’s taxonomy,KNOWLEDGE,COMPREHENSION,APPLICATION,ANALYSIS,SYNTHESIS,EVALUATION,,,,,,,,,,,,,,,,,,,,
6,Brady Bunch Kids,GREG,MARCIA,PETER,JAN,BOBBY,CINDY,,,,,,,,,,,,,,,,,,,,
6,Burial Body Positions (Archaeology),SUPINE,PRONE,ONE SIDED,EXTENDED,CROUCHED,FLEXED,,,,,,,,,,,,,,,,,,,,
6,Cell Life Cycle,CYTOKINESIS,PROPHASE,METAPHASE,ANAPHASE,TELOPHASE,INTERPHASE,,,,,,,,,,,,,,,,,,,,
6,Chess pieces,BISHOP,KING,KNIGHT,PAWN,QUEEN,ROOK,,,,,,,,,,,,,,,,,,,,
6,Clue suspects,SCARLET,PLUM,PEACOCK,GREEN,MUSTARD,WHITE,,,,,,,,,,,,,,,,,,,,
6,Clue weapons,CANDLESTICK,DAGGER,LEAD PIPE,REVOLVER,ROPE,SPANNER (WRENCH),,,,,,,,,,,,,,,,,,,,
6,Food groups,GRAINS,VEGETABLES,FRUITS,MEATS AND BEANS,DAIRY,OILS,,,,,,,,,,,,,,,,,,,,
6,Founding EU members,BELGIUM,FRANCE,ITALY,LUXEMBOURG,NETHERLANDS,GERMANY,,,,,,,,,,,,,,,,,,,,
6,French Composers (Les Six),AURIC,DUREY,HONEGGER,MILHAUD,POULENC,TAILLEFERRE,,,,,,,,,,,,,,,,,,,,
6,James Bonds,SEAN CONNERY,GEORGE LAZENBY,ROGER MOORE,TIMOTHY DALTON,PIERCE BROSNAN,DANIEL CRAIG,,,,,,,,,,,,,,,,,,,,
6,Linux safe reboot,UNRAW,TERMINATE,KILL,SYNC,UNMOUNT,REBOOT,,,,,,,,,,,,,,,,,,,,
6,LOST numbers,4,8,15,16,23,42,,,,,,,,,,,,,,,,,,,,
6,Mishnah,ZERAIM,MOED,NASHIM,NEZIKIN,KODASHIM,TOHOROT,,,,,,,,,,,,,,,,,,,,
6,Mitosis stages,PREPROPHASE,PROPHASE,PROMETAPHASE,METAPHASE,ANAPHASE,TELOPHASE,,,,,,,,,,,,,,,,,,,,
6,Monty Python Characters,GRAHAM CHAPMAN,JOHN CLEESE,TERRY GILLIAM,ERIC IDLE,TERRY JONES,MICHAEL PALIN,,,,,,,,,,,,,,,,,,,,
6,Named Noble Gases,HELIUM,NEON,ARGON,KRYPTON,XENON,RADON,,,,,,,,,,,,,,,,,,,,
6,Nations comprising the Iroquois Confederacy,MOHAWK,ONONDAGA,ONEIDA,CAYUGA,SENECA,TUSCARORA,,,,,,,,,,,,,,,,,,,,
6,New England states,CONNECTICUT,MAINE,MASSACHUSETTS,NEW HAMPSHIRE,RHODE ISLAND,VERMONT,,,,,,,,,,,,,,,,,,,,
6,Nobel Prizes,PHYSICS,CHEMISTRY,MEDICINE,LITERATURE,PEACE,(ECONOMICS),,,,,,,,,,,,,,,,,,,,
6,Order of Operations,PARENTHESES (BRACKETS),EXPONENTIATION,MULTIPLICATION,DIVISION,SUBTRACTION,ADDITION,,,,,,,,,,,,,,,,,,,,
6,Original D&D skills,STRENGTH,INTELLIGENCE,WISDOM,DEXTERITY,CONSTITUTION,CHARISMA,,,,,,,,,,,,,,,,,,,,
6,Quark flavors,UP,DOWN,STRANGE,CHARM,TOP,BOTTOM,,,,,,,,,,,,,,,,,,,,
6,Regular 4-D Polytopes,5-CELL,8-CELL,16-CELL,24-CELL,120-CELL,600-CELL,,,,,,,,,,,,,,,,,,,,
6,Rotom Variants (Pokemon),ROTOM,HEAT ROTOM,WASH ROTOM,FROST ROTOM,FAN ROTOM,MOW ROTOM,,,,,,,,,,,,,,,,,,,,
6,Second Order Greeks (Finance),CHARM,GAMMA,VANNA,VERA,VETA,VOMMA,,,,,,,,,,,,,,,,,,,,
6,Simple machines,LEVER,WHEEL AND AXLE,PULLEY,INCLINED PLANE,WEDGE,SCREW,,,,,,,,,,,,,,,,,,,,
6,Six drinks that changed the world,BEER,WINE,SPIRITS,TEA,COFFEE,COCA-COLA,,,,,,,,,,,,,,,,,,,,
6,Space Shuttles,ENDEAVOUR ,COLUMBIA,CHALLENGER,DISCOVERY,ATLANTIS,ENTERPRISE (prototype),,,,,,,,,,,,,,,,,,,,
6,States of Australia,QUEENSLAND,NEW SOUTH WALES,WESTERN AUSTRALIA,SOUTH AUSTRALIA,VICTORIA,,,,,,,,,,,,,,,,,,,,,
6,Trigonometric functions,SINE,COSINE,TANGENT,SECANT,COSECANT,COTANGENT,,,,,,,,,,,,,,,,,,,,
6,Trivial Pursuit categories,GEOGRAPHY,ENTERTAINMENT,HISTORY,ARTS & LITERATURE,SCIENCE & NATURE,SPORTS & LEISURE,,,,,,,,,,,,,,,,,,,,
6,US Coins,PENNY,NICKEL,DIME,QUARTER,HALF DOLLAR,DOLLAR,,,,,,,,,,,,,,,,,,,,
6,Virology Taxonomy Realms,ADNAVIRIA,DUPLODNAVIRIA,MONODNAVIRA,RIBOVIRIA,RIBOZYVIRIA,VARIDNAVIRIA,,,,,,,,,,,,,,,,,,,,
6,Wives of Henry VIII,CATHERINE OF ARAGON,ANNE BOLEYN,JANE SEYMOUR,ANNE OF CLEVES,CATHERINE HOWARD,CATHERINE PARR,,,,,,,,,,,,,,,,,,,,
6,World of Warcraft Item Qualities,POOR (GRAY),COMMON (WHITE),UNCOMMON (GREEN),RARE (BLUE),EPIC (PURPLE),LEGENDARY (ORANGE),,,,,,,,,,,,,,,,,,,,
6,Year of the Six Emperors (238 AD),MAXIMINUS THRAX,GORDIAN I,GORDIAN II,PUPIENUS,BALBINUS,GORDIAN III,,,,,,,,,,,,,,,,,,,,
7,Amesha Spenta in the Gathas (Beneficent Immortals),Multiple ways to spell items in set. refer to: https://en.wikipedia.org/wiki/Amesha_Spenta,,,,,,,,,,,,,,,,,,,,,,,,,
7,Ancient Rome Septimontium Peaks,OPPIUS,PALATIUM,VELIA,FAGUTAL,CERMALUS,CAELIUS,CISPIUS,,,,,,,,,,,,,,,,,,,
7,Aristotle's Seven Causes of human action,CHANCE,NATURE,COMPULSION,HABIT,REASON,PASSION,DESIRE,,,,,,,,,,,,,,,,,,,
7,Artes Magicae/Prohibitae,NIGROMANCY (DEMONOLATRY),GEOMANCY,HYDROMANCY,AEROMANCY,PYROMANCY,CHIROMANCY,SCAPULIMANCY,,,,,,,,,,,,,,,,,,,
7,Attackers in Seven Against Thebes,TYDEUS,CAPANEUS,ETEOCLUS,HIPPOMEDON,PARTHENOPEUS,AMPHIARAUS,POLYNICES,,,,,,,,,,,,,,,,,,,
7,Big Mac ingredients (in jingle order),TWO ALL-BEEF PATTIES,SPECIAL SAUCE,LETTUCE,CHEESE,PICKLES,ONIONS,SESAME BUN,,,,,,,,,,,,,,,,,,,
7,Brides of the Seven Brothers,MILLY,DORCAS,RUTH,MARTHA,LIZA,SARAH,ALICE,,,,,,,,,,,,,,,,,,,
7,Burial Body Positions (Archaeology),SUPINE,PRONE,LEFT SIDE,RIGHT SIDE,EXTENDED,CROUCHED,FLEXED,,,,,,,,,,,,,,,,,,,
7,Canonical Hours,MATINS,PRIME,TERCE,SEXT,NONES,VESPERS,COMPLINE,,,,,,,,,,,,,,,,,,,
7,Catholic Epistles,JAMES,1 PETER,2 PETER,1 JOHN,2 JOHN,3 JOHN,JUDE,,,,,,,,,,,,,,,,,,,
7,Chakras,CROWN,THIRD-EYE,THROAT,HEART,NAVEL,SACRAL,ROOT,,,,,,,,,,,,,,,,,,,
7,CHEM-7 (Basic Metabolic Panel),SODIUM,CHLORINE,BLOOD UREA NITRATE,GLUCOSE,POTASSIUM,BICARBONATE,CREATININE,,,,,,,,,,,,,,,,,,,
7,Chinese Chess Pieces,ADVISOR,CANNON,CHARIOT,ELEPHANT,GENERAL,HORSE,SOLDIER,,,,,,,,,,,,,,,,,,,
7,Chronicles of Narnia,THE LION THE WITCH AND THE WARDROBE,PRINCE CASPIAN,THE VOYAGE OF THE DAWN TREADER,THE SILVER CHAIR,THE HORSE AND HIS BOY,THE MAGICIAN’S NEPHEW,THE LAST BATTLE,,,,,,,,,,,,,,,,,,,
7,Classical Planets,SUN,MERCURY,VENUS,MOON,MARS,JUPITER,SATURN,,,,,,,,,,,,,,,,,,,
7,Colors of the Rainbow,RED,ORANGE,YELLOW,GREEN,BLUE,INDIGO,VIOLET,,,,,,,,,,,,,,,,,,,
7,Complete Plays of Sophocles,AJAX,ELECTRA,OEDIPUS REX,OEDIPUS AT COLONUS,ANTIGONE,THE WOMEN OF TRACHIS,PHILOCTETES,,,,,,,,,,,,,,,,,,,
7,Coordinating conjunctions,FOR,AND,NOR,BUT,OR,YET,SO,,,,,,,,,,,,,,,,,,,
7,Countries with Antarctic claims,ARGENTINA,AUSTRALIA,CHILE,FRANCE,NEW ZEALAND,NORWAY,UNITED KINGDOM,,,,,,,,,,,,,,,,,,,
7,Crystal systems,TRICLINIC,MONOCLINIC,ORTHOROMBIC,TETRAGONAL,TRIGONAL,HEXAGONAL,CUBIC,,,,,,,,,,,,,,,,,,,
7,Days of the Week,MONDAY,TUESDAY,WEDNESDAY,THURSDAY,FRIDAY,SATURDAY,SUNDAY,,,,,,,,,,,,,,,,,,,
7,Defenders in Seven Against Thebes,MELANIPPUS,POLYPHONTES,MEGAREUS,HYPERBIUS,ACTOR,LASTHENES,ETEOCLES,,,,,,,,,,,,,,,,,,,
7,Defense Against the Dark Arts Professors,QUIRRELL,LOCKHART,LUPIN,CROUCH,UMBRIDGE,SNAPE,CARROW,,,,,,,,,,,,,,,,,,,
7,Electromagnetic spectrum,RADIO,MICROWAVE,INFRARED,VISIBLE LIGHT,ULTRAVIOLET,X-RAY,GAMMA RAY,,,,,,,,,,,,,,,,,,,
7,Elements of Art,SPACE,FORM,TEXTURE,SHAPE,LINE,VALUE,COLOR,,,,,,,,,,,,,,,,,,,
7,Emirates of UAE,ABU DHABI,AJMAN,DUBAI,FUJAIRAH,RAS AL-KHAIMAH,SHARJAH,UMM AL-QUWAIN,,,,,,,,,,,,,,,,,,,
7,Factors of Awakening (Buddism),MINDFULNESS,INVESTIGATION,ENERGY,JOY/RAPTURE,RELAXATION/TRANQUILITY,CONCENTRATION,EQUANIMITY,,,,,,,,,,,,,,,,,,,
7,Factors of Enlightenment,MINDFULNESS,INVESTIGATION,ENERGY,JOY,RELAXATION,CONCENTRATION,EQUANIMITY,,,,,,,,,,,,,,,,,,,
7,Founding members of The Authority, DOCTOR,SWIFT,APOLLO,ENGINEER,MIDNIGHTER,SPARKS,HAWKSMOOR,,,,,,,,,,,,,,,,,,,
7,Frieze Group,P1 (translation only),P11G (glide reflection),P1M1 (vertical reflection),P2 (180 degree rotation),P2MG (non-horizontal reflection),P11M (horizontal reflection),P2MM (everything),,,,,,,,,,,,,,,,,,,
7,Game of Thrones Aspects,FATHER,MOTHER,MAIDEN,CRONE,WARRIOR,SMITH,STRANGER,,,,,,,,,,,,,,,,,,,
7,Genshin Impact Elements,ANEMO (WIND),GEO (EARTH),ELECTRO (LIGHTNING),DENDRO (NATURE),HYDRO (WATER),PYRO (FIRE),CRYO (FROST),,,,,,,,,,,,,,,,,,,
7,Geologic Epochs (in the Cenozoic Era),PALEOCENE,EOCENE,OLIGOCENE,MIOCENE,PLIOCENE,PLEISTOCENE,HOLOCENE,,,,,,,,,,,,,,,,,,,
7,Gifts of the Holy Spirit,WISDOM,UNDERSTANDING,COUNSEL,KNOWLEDGE,FORTITUDE,PIETY,WONDER,,,,,,,,,,,,,,,,,,,
7,Group of 7,CARMICHAEL,HARRIS,JACKSON,JOHNSTON,LISMER,MACDONALD,VARLEY,,,,,,,,,,,,,,,,,,,
7,Harry Potter books,PHILOSOPHER’S (SORCERER’S) STONE,CHAMBER OF SECRETS,PRISONER OF AZKABAN,GOBLET OF FIRE,ORDER OF PHOENIX,HALF-BLOOD PRINCE,DEATHLY HALLOWS,,,,,,,,,,,,,,,,,,,
7,Heptathlon sports,100 METERS HURDLES,HIGH JUMP,SHOT PUT,200 METERS,LONG JUMP,JAVELIN THROW,800 METERS,,,,,,,,,,,,,,,,,,,
7,Heptatonic Scale (Music),C,D,E,F,G,A,B,,,,,,,,,,,,,,,,,,,
7,Horcruxes,DIARY,LOCKET,CUP,DIADEM,RING,NAGINI,HARRY,,,,,,,,,,,,,,,,,,,
7,Layers of the OSI Model,APPLICATION,PRESENTATION,SESSION,TRANSPORT,NETWORK,DATA LINK,PHYSICAL,,,,,,,,,,,,,,,,,,,
7,Logic gates,AND,OR,NAND,NOR,XOR,XNOR,NOT,,,,,,,,,,,,,,,,,,,
7,Metals of Antiquity,GOLD,SILVER,COPPER,TIN,LEAD,IRON,MERCURY,,,,,,,,,,,,,,,,,,,
7,Musical Modes,IONIAN,DORIAN,PHRYGIAN,LYDIAN,MIXOLYDIAN,AEOLIAN,LOCRIAN,,,,,,,,,,,,,,,,,,,
7,Named Derivatives of Position,POSITION,VELOCITY,ACCELERATION,"JERK (not standardized, aka JOLT/SURGE/LURCH)","SNAP (not standardized, aka JOUNCE)",CRACKLE (not standardized),POP (not standardized),,,,,,,,,,,,,,,,,,,
7,New Seven Wonders Of The World,GREAT WALL OF CHINA,CHICHEN ITZA,PETRA,MACHU PICCHU,CHRIST THE REDEEMER,COLOSSEUM,TAJ MAHAL,,,,,,,,,,,,,,,,,,,
7,Olympian Spirits,ARATRON ( ARATHRON),BETHOR,PHALEG,OCH,HAGITH,OPHIEL,PHUL,,,,,,,,,,,,,,,,,,,
7,RESTful API Routes,INDEX,NEW,SHOW,EDIT,CREATE,UPDATE,DELETE,,,,,,,,,,,,,,,,,,,
7,Roman Numerals,I,V,X,L,C,D,M,,,,,,,,,,,,,,,,,,,
7,Scale Degrees,TONIC,SUPERTONIC,MEDIANT,SUBDOMINANT,DOMINANT,SUBMEDIANT,LEADING TONE,,,,,,,,,,,,,,,,,,,
7,Seven Archangels (Judaism),GABRIEL,MICHAEL,RAPHAEL,URIEL,RAGUEL,RAMIEL,ZADKIEL,,,,,,,,,,,,,,,,,,,
7,Seven Basic Plots,OVERCOMING THE MONSTER,RAGS TO RICHES,THE QUEST,VOYAGE AND RETURN,COMEDY,TRAGEDY,REBIRTH,,,,,,,,,,,,,,,,,,,
7,Seven Basic Tools of Quality,CAUSE-AND-EFFECT DIAGRAM,CHECK SHEET,CONTROL CHART,HISTOGRAM,PARETO CHART,SCATTER DIAGRAM,STRATIFICATION,,,,,,,,,,,,,,,,,,,
7,Seven Brothers,ADAM,BENJAMIN,CALEB,DANIEL,EPHRAIM,FRANK,GIDEON,,,,,,,,,,,,,,,,,,,
7,Seven Churches of Revelation,EPHESUS,SMYRNA,PERGAMON,THYATIRA,SARDIS,PHILADELPHIA,LAODICEA,,,,,,,,,,,,,,,,,,,
7,Seven continents,ASIA,AFRICA,NORTH AMERICA,SOUTH AMERICA,EUROPE,ANTARCTICA,AUSTRALIA,,,,,,,,,,,,,,,,,,,
7,Seven Deadly Sins,LUST,GLUTTONY,GREED,SLOTH,WRATH,ENVY,PRIDE,,,,,,,,,,,,,,,,,,,
7,Seven Deadly Sins Demon,ASMODEUS,BELPHEGOR,MAMMON,ABBADON,SATAN,BEELZEBUB,LUCIFER,,,,,,,,,,,,,,,,,,,
7,Seven Dirty Words You Can’t Say on Television,SHIT,PISS,FUCK,CUNT,COCKSUCKER,MOTHERFUCKER,TITS,,,,,,,,,,,,,,,,,,,
7,Seven Dwarfs,DOC,GRUMPY,HAPPY,SLEEPY,BASHFUL,SNEEZY,DOPEY,,,,,,,,,,,,,,,,,,,
7,Seven Endless,DESTINY,DEATH,DREAM,DESTRUCTION,DESIRE,DESPAIR,DELIRIUM,,,,,,,,,,,,,,,,,,,
7,Seven Faces of Dr. Lao,DR. LAO,MERLIN,PAN,SERPENT,MEDUSA,APOLLONIUS OF TYANA,THE ABOMINABLE SNOWMAN,,,,,,,,,,,,,,,,,,,
7,Seven Habits of Highly Effective People,BE PROACTIVE,BEGIN WITH THE END IN MIND,PUT FIRST THINGS FIRST,THINK WIN-WIN,"SEEK FIRST TO UNDERSTAND, THEN TO BE UNDERSTOOD",SYNERGIZE,SHARPEN THE SAW,,,,,,,,,,,,,,,,,,,
7,Seven Hills of Rome,AVENTINE,CAELIAN,CAPITOLINE,ESQUILINE,PALATINE,QUIRINAL,VIMINAL,,,,,,,,,,,,,,,,,,,
7,Seven Historic Seas (Greek),ADRIATIC,ARABIAN,BLACK,CASPIAN,MIDITERRANEAN,PERSIAN,RED,,,,,,,,,,,,,,,,,,,
7,Seven Layer Dip,REFRIED BEANS,CHEESE,GROUND BEEF,SOUR CREAM,GUACAMOLE,SALSA,OLIVES,,,,,,,,,,,,,,,,,,,
7,Seven Liberal Arts,GRAMMAR,RHETORIC,LOGIC,MATHEMATICS,GEOMETRY,MUSIC,ASTRONOMY,,,,,,,,,,,,,,,,,,,
7,Seven Sacraments,BAPTISM,CONFIRMATION,HOLY EUCHARIST,PENANCE,ANOINTING OF THE SICK,HOLY ORDERS,MATRIMONY,,,,,,,,,,,,,,,,,,,
7,Seven Samurai,KIKUCHIYO,KAMBEI SHIMADA,SHICHIROJI,KATSUSHIRO OKAMOTO,HEIHACHI HAYASHIDA,KYUZO,GOROBEI KATAYAMA,,,,,,,,,,,,,,,,,,,
7,Seven Seas in Medieval Arabian literature,FARS,LARWI,HARKAND,KALAH,SALAHIT,KADRANJ,SANJI,,,,,,,,,,,,,,,,,,,
7,Seven Sisters colleges,MOUNT HOLYOKE,VASSAR,WELLESLEY,SMITH,RADCLIFFE,BRYN MAWR,BARNARD,,,,,,,,,,,,,,,,,,,
7,Seven Summits,EVEREST,ACONCAGUA,DENALI,KILIMANJARO,VINSON,ELBRUS,KOSCIUSZKO,,,,,,,,,,,,,,,,,,,
7,Seven Taxonomic Ranks,KINGDOM,PHYLUM,CLASS,ORDER,FAMILY,GENUS,SPECIES,,,,,,,,,,,,,,,,,,,
7,Seven Virtues,CHASTITY,TEMPERANCE,CHARITY,DILIGENCE,PATIENCE,KINDNESS,HUMILITY,,,,,,,,,,,,,,,,,,,
7,Seven Wonders of the Ancient World,GREAT PYRAMID OF GIZA,HANGING GARDENS OF BABYLON,STATUE OF ZEUS AT OLYMPIA,TEMPLE OF ARTEMIS AT EPHESUS,MAUSOLEUM AT HALICARNASSUS,COLOSSUS OF RHODES,LIGHTHOUSE OF ALEXANDRIA,,,,,,,,,,,,,,,,,,,
7,SI base units,METRE,KILOGRAM,SECOND,AMPERE,KELVIN,MOLE,CANDELA,,,,,,,,,,,,,,,,,,,
7,Snooker ball colors by point value,RED,YELLOW,GREEN,BROWN,BLUE,PINK,BLACK,,,,,,,,,,,,,,,,,,,
7,Social Story Sentence Types,DESCRIPTIVE,PERSPECTIVE,DIRECTIVE,AFFIRMATIVE,CONTROL,COOPERATIVE,PARTIAL,,,,,,,,,,,,,,,,,,,
7,Solfege (Music),DO,RE,MI,FA,SO (SOL),LA,TI (SI),,,,,,,,,,,,,,,,,,,
7,Sonic Chaos Emeralds,PERIDOT (GREEN),AQUAMARINE (CYAN),SAPPHIRE (BLUE),RUBY (RED),AMETHYST (PURPLE),TOPAZ (YELLOW),DIAMOND (GREY/SILVER),,,,,,,,,,,,,,,,,,,
7,Sons of Feanor – LotR,MAEDHROS,MAGLOR,CELEGORM,CARANTHIR,CURUFIN,AMROD,AMRAS,,,,,,,,,,,,,,,,,,,
7,Sound of Music Do-Re-Mi comparisons,DOE,RAY,ME,FAR,SEW,LA,TEA,,,,,,,,,,,,,,,,,,,
7,Star Temperature Classification,O,B,A,F,G,K,M,,,,,,,,,,,,,,,,,,,
7,Stars composing the Big Dipper,DUBHE,MERAK,PHECDA,MEGREZ,ALIOTH,MIZAR,ALKAID (order by Bayer designation),,,,,,,,,,,,,,,,,,,
7,Talmudic Seven Seas,SEA OF TIBERIAS,SEA OF SODOM,SEA OF HELATH,SEA OF HILTHA,SEA OF SIBKAY,SEA OF ASPAMIA,THE GREAT SEA,,,,,,,,,,,,,,,,,,,
7,Technically-defined Colors of Noise,WHITE,PINK,BLUE,RED (BROWNIAN),VIOLET (PURPLE),GREY,VELVET,,,,,,,,,,,,,,,,,,,
7,Temples of the Emerald Buddha (Wat Phra Kaew),https://en.wikipedia.org/wiki/Emerald_Buddha,,,,,,,,,,,,,,,,,,,,,,,,,
7,Tetris pieces,I BLOCK,J BLOCK,L BLOCK,O BLOCK,S BLOCK,T BLOCK,Z BLOCK,,,,,,,,,,,,,,,,,,,
7,The Bouvier Family (Simpsons),PATTY,SELMA,JACQUELINE,CLANCY,LING,MEUAX,GENEVIEVE,,,,,,,,,,,,,,,,,,,
7,The Pleiades,STEROPE,MAIA,TAYGETE,CELAENO,ELECTRA,MEROPE,ALCYONE,,,,,,,,,,,,,,,,,,,
7,The Simpson Family,HOMER,MARGE,BART,LISA,MAGGIE,ABE,MONA,,,,,,,,,,,,,,,,,,,
7,US Bills,1,2,5,10,20,50,100,,,,,,,,,,,,,,,,,,,
7,Weasley family (Harry Potter),BILL,CHARLIE,PERCY,FRED,GEORGE,RON,GINNY,,,,,,,,,,,,,,,,,,,
7,xkcd Set of Seven Things,SNEEZY,PHYLUM,EUROPE,SLOTH,GUACAMOLE,DATA LINK,COLOSSUS OF RHODES,,,,,,,,,,,,,,,,,,,
8,Aldohexoses,ALLOSE,ALTROSE,GLUCOSE,MANNOSE,GULOSE,IDOSE,GALACTOSE,TALOSE,,,,,,,,,,,,,,,,,,
8,Bagua,https://en.wikipedia.org/wiki/Bagua,,,"Feng sui/chinese trigrams, many sets",,,,,,,,,,,,,,,,,,,,,,
8,Billiard Ball Colors,YELLOW (1/9),BLUE (2/10),RED (3/11),PURPLE (4/12),ORANGE (5/13),GREEN (6/14),MAROON (7/15),BLACK (8),,,,,,,,,,,,,,,,,,
8,Book of Abramelin Sub-princes of Demons,ASTAROTH,MAGOTH,ASMODEE,BEELZEBUB,ORIENS,PAIMON,ARITON (EGIN),AMAYMON,,,,,,,,,,,,,,,,,,
8,Buddist Noble Eightfold Path,RIGHT VIEW,RIGHT RESOLVE / INTENTION,RIGHT SPEECH,RIGHT CONDUCT / ACTION,RIGHT LIVELIHOOD,RIGHT EFFORT,RIGHT MINDFULNESS,RIGHT SAMADHI,,,,,,,,,,,,,,,,,,
8,Crayola 8-pack colors,RED,ORANGE,YELLOW,GREEN,BLUE,VIOLET,BROWN,BLACK,,,,,,,,,,,,,,,,,,
8,Eight Immortals Chinese Myth,HE XIAN GU,CAO GUO JIU,LI TIE GUAI,LAN CAI HE,LU DONG BIN,HAN XIANG ZI,ZHANG GUO LAO,ZHONG LI QUAN,,,,,,,,,,,,,,,,,,
8,Eight is Enough children,DAVID,MARY,JOANIE,SUSAN,NANCY,ELIZABETH,TOMMY,NICHOLAS,,,,,,,,,,,,,,,,,,
8,Eight-Nation Alliance,AUSTRIA-HUNGARY,BRITISH EMPIRE,FRANCE,GERMANY,ITALY,JAPAN,RUSSIA,UNITED STATES,,,,,,,,,,,,,,,,,,
8,Foundation of Chinese Medicines Eight Principles,EXTERIOR,INTERIOR,COLD,HOT,EMPTY,FULL,YIN,YANG,,,,,,,,,,,,,,,,,,
8,G-8 countries,CANADA,FRANCE,GERMANY,ITALY,JAPAN,RUSSIA,UNITED KINGDOM,UNITED STATES,,,,,,,,,,,,,,,,,,
8,Generations of Pokemon,,,,,,,,,,,,,,,,,,,,,,,,,,
8,Hawaiian Islands,HAWAI’I,MAUI,O’AHU,KAUA’I,MOLOKA’I,LANA’I,NI’IHAU,KAHO’OLAWE,,,,,,,,,,,,,,,,,,
8,Holst’s The Planets,WAR,PEACE,MESSENGER,JOLLITY,AGE,MAGICIAN,MYSTIC,RENEWER,,,,,,,,,,,,,,,,,,
8,Ingredients in V8,BEETS,CELERY,CARROTS,LETTUCE,PARSLEY,WATERCRESS,SPINACH,TOMATO,,,,,,,,,,,,,,,,,,
8,Ivy League Universities,BROWN,COLUMBIA,CORNELL,DARTMOUTH,HARVARD,PENNSYLVANIA,PRINCETON,YALE,,,,,,,,,,,,,,,,,,
8,Minesweeper colors,BLUE (1),GREEN (2),RED (3),NAVY (4),MAROON (5),TEAL (6),BLACK (7),GRAY (8),,,,,,,,,,,,,,,,,,
8,Monopoly color groups,BROWN/PURPLE,LIGHT BLUE,PINK,ORANGE,RED,YELLOW,GREEN,BLUE,,,,,,,,,,,,,,,,,,
8,Myers-Briggs personality attributes,EXTROVERSION,INTROVERSION,SENSING,INTUITION,THINKING,FEELING,JUDGING,PERCEIVING,(these make up 2^4 = 16 combinations),,,,,,,,,,,,,,,,,
8,Noble Eightfold Path (Buddism),SAMADHI,VIEW,RESOLVE,SPEECH,CONDUCT,LIVELIHOOD,EFFORT,MINDFULNESS,,,,,,,,,,,,,,,,,,
8,Order of Adjectives,OPINION,SIZE,AGE,SHAPE,COLOR,ORIGIN,MATERIAL,PURPOSE,,,,,,,,,,,,,,,,,,
8,Parts of Speech,NOUN,VERB,ADJECTIVE,ADVERB,PRONOUN,PREPOSITION,CONJUCTION,INTERJECTION,,,,,,,,,,,,,,,,,,
8,Permanent Lucky Charms,HEARTS,SHOOTING STARS,HORSESHOES,CLOVERS,BLUE MOONS,RAINBOWS,BALLOONS,HOURGLASS,,,,,,,,,,,,,,,,,,
8,Phase Transitions of Matter,RECOMBINATION,IONIZATION,VAPORIZATION,CONDENSATION,FREEZING,MELTING,SUBLIMATION,DESPOSITION,,,,,,,,,,,,,,,,,,
8,Phases of the Moon,NEW MOON,WAXING CRESCENT,FIRST QUARTER,WAXING GIBBOUS,FULL MOON,WANING GIBBOUS,THIRD QUARTER,WANING CRESCENT,,,,,,,,,,,,,,,,,,
8,Planets,MERCURY,VENUS,EARTH,MARS,JUPITER,SATURN,URANUS,NEPTUNE,,,,,,,,,,,,,,,,,,
8,Rise of Nations Ages,ANCIENT,CLASSICAL,MEDIEVAL,GUNPOWDER,ENLIGHTENMENT,INDUSTRIAL,MODERN,INFORMATION,,,,,,,,,,,,,,,,,,
8,Royal Houses of England and Great Britain,NORMAN,PLANTAGENET,LANCASTER,YORK,TUDOR,STUART,HANOVER,WINDSOR,,,,,,,,,,,,,,,,,,
8,Snooker ball colors by point value,WHITE,RED,YELLOW,GREEN,BROWN,BLUE,PINK,BLACK,,,,,,,,,,,,,,,,,,
8,Street Fighter II Characters,RYU,EHONDA,BLANKA,GUILE,KEN,CHUNLI,ZANGIEF,DHALSIM,,,,,,,,,,,,,,,,,,
8,Telephone Keypad letter clusters,ABC (2),DEF (3),GHI (4),JKL (5),MNO (6),PQRS (7),TUV (8),WXYZ (9),,,,,,,,,,,,,,,,,,
8,Trigrams,HEAVEN,LAKE,FIRE,THUNDER,WIND,WATER,MOUNTAIN,EARTH,,,,,,,,,,,,,,,,,,
8,USDA Beef grading system,PRIME,CHOICE,SELECT,STANDARD,COMMERCIAL,UTILITY,CUTTER,CANNER,,,,,,,,,,,,,,,,,,
9,Baseball positions,PITCHER,CATCHER,FIRST BASEMAN,SECOND BASEMAN,THIRD BASEMAN,SHORTSTOP,LEFT FIELDER,CENTER FIELDER,RIGHT FIELDER,,,,,,,,,,,,,,,,,
9,Brady Bunch Kids,(MIKE,CAROL),GREG,MARCIA,PETER,JAN,BOBBY,CINDY,((ALICE)),,,,,,,,,,,,,,,,,
9,Circles of Hell – Dante’s Inferno,LIMBO,LUST,GLUTTONY,GREED,WRATH,HERESY,VIOLENCE,FRAUD,TREACHERY,,,,,,,,,,,,,,,,,
9,Clue rooms,KITCHEN,BALLROOM,CONSERVATORY,BILLIARD ROOM,LIBRARY,STUDY,HALL,LOUNGE,DINING ROOM,,,,,,,,,,,,,,,,,
9,Essential amino acids,HISTIDINE,ISOLEUCINE,LEUCINE,LYSINE,METHIONINE,PHENYLALANINE,THREONINE,TRYPTOPHAN,VALINE,,,,,,,,,,,,,,,,,
9,Fellowship of the Ring,FRODO BAGGINS,SAMWISE GAMGEE,GANDALF THE GREY,LEGOLAS,GIMLI,ARAGORN,BOROMIR,MERIADOC BRANDYBUCK,PEREGRIN TOOK,,,,,,,,,,,,,,,,,
9,Fruits of the Holy Spirit,LOVE,JOY,PEACE,PATIENCE,KINDNESS,GOODNESS,FAITHFULNESS,GENTLENESS,SELF-CONTROL,,,,,,,,,,,,,,,,,
9,Hazard Communication Standard Pictograms,HEALTH HAZARD,FLAME,EXCLAMATION MARK,GAS CYLINDER,CORROSION,EXPLODING BOMB,FLAME OVER CIRCLE,ENVIRONMENT,SKULL AND CROSSBONES,,,,,,,,,,,,,,,,,
9,Hierarchy of Angels,SERAPH,CHERUB,THRONE,DOMINION,VIRTUE,POWER,PRINCIPALITY,ARCHANGEL,ANGEL,,,,,,,,,,,,,,,,,
9,Karate Belt Colors,WHITE,YELLOW,ORANGE,GREEN,BLUE,PURPLE,BROWN,RED,BLACK,,,,,,,,,,,,,,,,,
9,Muses,CLIO,THALIA,ERATO,EUTERPE,POLYHYMNIA,CALLIOPE,TERPSICHORE,URANIA,MELPOMENE,,,,,,,,,,,,,,,,,
9,Original Hearthstone Classes,DRUID,HUNTER,MAGE,PALADIN,PRIEST,ROGUE,SHAMAN,WARLOCK,WARRIOR,,,,,,,,,,,,,,,,,
9,Original Hearthstone Heroes,MALFURION STORMRAGE,REXXAR,JAINA PROUDMOORE,UTHER LIGHTBRINGER,ANDUIN WRYNN,VALEERA SANGUINAR,THRALL,GUL'DAN,GARROSH HELLSCREAM,,,,,,,,,,,,,,,,,
9,Santa’s Reindeer,DASHER,DANCER,PRANCER,VIXEN,COMET,CUPID,DONNER,BLITZEN,(RUDOLPH),,,,,,,,,,,,,,,,,
9,Star Wars Skywalker Saga (growing),THE PHANTOM MENACE,ATTACK OF THE CLONES,REVENGE OF THE SITH,A NEW HOPE,THE EMPIRE STRIKES BACK,RETURN OF THE JEDI,THE FORCE AWAKENS,THE LAST JEDI,THE RISE OF SKYWALKER,,,,,,,,,,,,,,,,,
9,Team Fortress 2 Characters,THE SCOUT,THE SOLDIER,THE PYRO,THE DEMOMAN,THE HEAVY WEAPONS GUY,THE ENGINEER,THE MEDIC,THE SNIPER,THE SPY,,,,,,,,,,,,,,,,,
9,The Azores Islands,SANTA MARIA,SAO MIGUEL,TERCEIRA,GRACIOSA,FAIAL,PICO,SAO JORGE,FLORES,CORVO,,,,,,,,,,,,,,,,,
9,US Supreme Court Justice,JOHN ROBERTS,ANTONIN SCALIA,ANTHONY KENNEDY,CLARENCE THOMAS,RUTHBADER GINSBURG,STEPHEN BREYER,SAMUEL ALITO,SONIA SOTOMAYOR,ELENA KAGAN,,,,,,,,,,,,,,,,,
9,Weight classes,ATOM,FLY,BANTAM,FEATHER,LIGHT,WELTER,MIDDLE,CRUISER,HEAVY,,,,,,,,,,,,,,,,,
10,10 Virtues of Kō,https://en.wikipedia.org/wiki/Incense_in_Japan,,,,,,,,,,,,,,,,,,,,,,,,,
10,5-card Poker Hands,HIGH CARD,ONE PAIR,TWO PAIR,THREE OF A KIND,STRAIGHT,FLUSH,FULL HOUSE,FOUR OF A KIND,STRAIGHT FLUSH,ROYAL FLUSH,,,,,,,,,,,,,,,,
10,Baseball Position,PITCHER,CATCHER,FIRST BASE,SECOND BASE,THIRD BASE,SHORT STOP,LEFT FIELDER,CENTER FIELDER,RIGHT FIELDER,DESIGNATED HITTER,,,,,,,,,,,,,,,,
10,Canadian Provinces + Territories,ONTARIO,QUEBEC,NOVA SCOTIA,NEW BRUNSWICK,MANITOBA,BRITISH COLUMBIA,PRINCE EDWARD ISLAND,SASKATCHEWAN,ALBERTA,NEWFOUNDLAND,,,,,,,,,,,,,,,,
10,Current Hearthstone Classes,DRUID,HUNTER,MAGE,PALADIN,PRIEST,ROGUE,SHAMAN,WARLOCK,WARRIOR,DEMON HUNTER,,,,,,,,,,,,,,,,
10,Decathlon sports,100 METERS,LONG JUMP,SHOT PUT,HIGH JUMP,400 METERS,110 METERS HURDLES,DISCUS THROW,POLE VAULT,JAVELIN THROW,1500 METERS,,,,,,,,,,,,,,,,
10,Digits,ONE,TWO,THREE,FOUR,FIVE,SIX,SEVEN,EIGHT,NINE,ZERO,,,,,,,,,,,,,,,,
10,Heavenly Stems,JIA,YI,BING,DING,WU,JI,GENG,XIN,REN,GUI,,,,,,,,,,,,,,,,
10,Innovation Ages,PREHISTORY,CLASSICAL,MEDIEVAL,RENAISSANCE,EXPLORATION,ENLIGHTENMENT,ROMANCE,MODERN,POSTMODERN,INFORMATION,,,,,,,,,,,,,,,,
10,IRS service centers,HOLTSVILLE NY (005),ANDOVER MA (055),PHILADELPHIA PA (192),MEMPHIS TN (375),ATLANTA GA (399),COVINGTON KY (459),KANSAS CITY MO (649),AUSTIN TX (733),OGDEN UT (842),FRESNO CA (938),,,,,,,,,,,,,,,,
10,ITU numbers,NADAZERO,UNAONE,BISSOTWO,TERRATHREE,KARTEFOUR,PANTAFIVE,SOXISIX,SETTESEVEN,OKTOEIGHT,NOVENINE,,,,,,,,,,,,,,,,
10,Library Classification System (many variants),https://en.wikipedia.org/wiki/Library_classification,,,,,,,,,,,,,,,,,,,,,,,,,
10,Magicka elements,WATER,FIRE,LIGHTNING,EARTH,COLD,SHIELD,ARCANE,LIFE,STEAM,ICE,,,,,,,,,,,,,,,,
10,Mohs Hardness scale,TALC,GYPSUM,CALCITE,FLUORITE,APATITE,ORTHOCLASE,QUARTZ,TOPAZ,CORUNDUM,DIAMOND,,,,,,,,,,,,,,,,
10,Plagues of Egypt,BLOOD,FROGS,GNATS,FLIES,LIVESTOCK DISEASE,BOILS,HAIL,LOCUSTS,DARKNESS,DEATH OF FIRSTBORN,,,,,,,,,,,,,,,,
10,Resistor Colors,BLACK,BROWN,RED,ORANGE,YELLOW,GREEN,BLUE,VIOLET,GRAY,WHITE,,,,,,,,,,,,,,,,
10,Sephirot,KETER,CHOCHMAH,BINAH,CHESED,GEVURAH,TIFERET,NETZACH,HOD,YESOD,MALCHUT,,,,,,,,,,,,,,,,
10,Shifted Number Row,EXCLAMATION MARK,COMMERCIAL AT,HASH,DOLLAR SIGN,PERCENT SIGN,CARET,AMPERSAND,ASTERISK,LEFT PARENTHESIS,RIGHT PARENTHESIS,,,,,,,,,,,,,,,,
10,Star Temperature Classification,O,B,A,F,G,K,M,(R,N,S),,,,,,,,,,,,,,,,
10,Ten Articles in the Bill of Rights,,,,,,,,,,,,,,,,,,,,,,,,,,
10,Ten Commandments,,,,,,,,,,,,,,,,,,,,,,,,,,
11,Cube Nets,,,,,,,,,,,,,,,,,,,,,,,,,,
11,Ocean's Eleven (1961),FRANK SINATRA,DEAN MARTIN,SAMMY DAVIS JR,PETER LAWFORD,RICHARD CONTE,JOEY BISHOP,HENRY SILVA,BUDDY LESTER,RICHARD BENEDICT,NORMAN FELL,CLEM HARVEY,,,,,,,,,,,,,,,
11,Ocean's Eleven (2000),GEORGE CLOONEY,BRAD PITT,MATT DAMON,DON CHEADLE,BERNIE MAC,SCOTT CAAN,CASEY AFFLECK,CARL REINER,ELLIOTT GOULD,EDDIE JEMISON,SHAOBO QIN,,,,,,,,,,,,,,,
11,Systems of the Human Body,CIRCULATORY/CARDIOVASCULAR,DIGESTIVE/EXCRETORY,ENDOCRINE,INTEGUMENTARY/EXOCRINE,IMMUNE/LYMPHATIC,MUSCULAR,NERVOUS,RENAL/URINARY,REPRODUCTIVE,RESPIRATORY,SKELETAL,,,,,,,,,,,,,,,
12, USDA Soil Taxonomy Order,ALFISOL,ANDISOL,ARIDISOL,ENTISOL,GELISOL,HISTOSOL,INCEPTISOL,MOLLISOL,OXISOL,SPODOSOL,ULTISOL,VERTISOL,,,,,,,,,,,,,,
12,Alchemical Processes,CALCINATION,CONGELATION,FIXATION,DISSOLUTION,DIGESTION,DISTILLATION,SUBLIMATION,SEPARATION,INCINERATION,FERMENTATION,MULTIPLICATION,PROJECTION,,,,,,,,,,,,,,
12,Ancient Chinese States,CHU (楚), DAI (代), HAN (韓), JIN (晉), QI (齊), QIN (秦), WEI (魏), YAN (燕), YUE (越), ZHAO (趙), ZHENG (鄭), ZHOU (周),,,,,,,,,,,,,,
12,Andre Walker Hair Typing System Subtypes (The Hair Chart),1A STRAIGHT (FINE),1B STRAIGHT (MEDIUM),1C STRAIGHT (COARSE),2A WAVY (LOOSE WAVES),2B WAVY (DEFINED WAVES),2C WAVY (WIDE WAVES),3A CURLY (LOOSE CURLS),3B CURLY (TIGHT CURLS),3C CURLY (COCKSCREWS),4A KINKY-COILY (DEFINED COIL),4B KINKY-COILY (Z COIL),4C KINKY-COILY (TIGHT COIL),,,,,,,,,,,,,,
12,Beaufort Scale,LIGHT AIR,LIGHT BREEZE,GENTLE BREEZE,MODERATE BREEZE,FRESH BREEZE,STRONG BREEZE,NEAR GALE,GALE,STRONG GALE,STORM,VIOLENT STORM,HURRICANE FORCE,,,,,,,,,,,,,,
12,Birthstones,GARNET,AMETHYST,AQUAMARINE,DIAMOND,EMERALD,PEARL,RUBY,PERIDOT,SAPPHIRE,OPAL,TOPAZ,TURQUOISE,,,,,,,,,,,,,,
12,Chinese Zodiac,RAT,OX,TIGER,RABBIT,DRAGON,SNAKE,HORSE,GOAT,MONKEY,ROOSTER,DOG,PIG,,,,,,,,,,,,,,
12,Chromatic scale,C / B SHARP,C SHARP / D FLAT,D,D SHARP / E FLAT,E / F FLAT,F / E SHARP,F SHARP / G FLAT,G,G SHARP / A FLAT,A,A SHARP / B FLAT,B / C FLAT,,,,,,,,,,,,,,
12,Datasaurus Dozen,CROSS,TWO HORIZONTAL,TWO VERTICAL,STAR,FOUR VERTICAL,FIVE HORIZONTAL,NINE DOTS,TWO RINGS,ONE RING,SLANTING DOWNWARD,SLANTING UPWARD,SPARSE,,,,,,,,,,,,,,
12,Earthly Branches,ZI,CHOU,YIN,MAO,CHEN,SI,WU,WEI,SHEN,YOU,XU,HAI,,,,,,,,,,,,,,
12,Federal Reserve Banks,BOSTON (A),NEW YORK (B),PHILADELPHIA (C),CLEVELAND (D),RICHMOND (E),ATLANTA (F),CHICAGO (G),ST. LOUIS (H),MINNEAPOLIS (I),KANSAS CITY (J),DALLAS (K),SAN FRANCISCO (L),,,,,,,,,,,,,,
12,Geologic Periods (in the Phanerozoic),CAMBRIAN,ORDOVICIAN,SILURIAN,DEVONIAN,CARBONIFEROUS,PERMIAN,TRIASSIC,JURASSIC,CRETACEOUS,PALEOGENE,NEOGENE,QUATERNARY,,,,,,,,,,,,,,
12,Herculean Labors,NEMEAN LION,LERNAEAN HYDRA,GOLDEN HIND OF ARTEMIS,ERYMANTHIAN BOAR,AUGEAN STABLES,STYMPHALIAN BIRDS,CREATAN BULL,MARES OF DIOMEDES,GIRDLE OF HIPPOLYTA,CATTLE OF GERYON,APPLES OF HESPERIDES,CERBERUS,,,,,,,,,,,,,,
12,ITU Radio Spectrum Bands,ELF (EXTREMELY LOW FREQUENCY),SLF (SUPER LOW FREQUENCY),ULF (ULTRA LOW FREQUENCY),VLF (VERY LOW FREQUENCY),LF (LOW FREQUENCY),MF (MEDIUM FREQUENCY),HF (HIGH FREQUENCY),VHF (VERY HIGH FREQUENCY),UHF (ULTRA HIGH FREQUENCY),SHF (SUPER HIGH FREQUENCY),EHF (EXTREMELY HIGH FREQUENCY),THF (TREMENDOUSLY HIGH FREQUENCY),,,,,,,,,,,,,,
12,MAC OS X names,CHEETAH,PUMA,JAGUAR,PANTHER,TIGER,LEOPARD,SNOW LEOPARD,LION,MOUNTAIN LION,MAVERICKS,YOSEMITE,EL CAPITAN,,,,,,,,,,,,,,
12,Major Chinese Dynasties,XIA,SHANG,ZHOU,QIN,HAN,JIN,SUI,TANG,SONG,YUAN,MING,QING,,,,,,,,,,,,,,
12,Pentominoes,F,I,L,N,P,T,U,V,W,X,Y,Z,(Conway naming uses letters O-Z),,,,,,,,,,,,,
12,People who walked on the moon,NEIL ARMSTRONG,BUZZ ALDRIN,PETE CONRAD,ALAN BEAN,ALAN SHEPARD,EDGAR MITCHELL,DAVID SCOTT,JAMES IRWIN,JOHN YOUNG,CHARLES DUKE,EUGENE CERNAN,HARRISON SCHMITT,,,,,,,,,,,,,,
12,Playable characters in Super Smash Bros. 64,CAPTAIN FALCON,DONKEY KONG,FOX,JIGGLYPUFF,KIRBY,LINK,LUIGI,MARIO,NESS,PIKACHU,SAMUS,YOSHI,,,,,,,,,,,,,,
12,Programs that used Lenslok copy protection,ACE,ELITE,THE ADVANCED MUSIC SYSTEM,FIGHTER PILOT,GRAPHIC ADVENTURE CREATOR,JEWELS OF DARKNESS,OCP ART STUDIO,THE PRICE OF MAGIK,SILICON DREAMS,SUPERCHARGE,TOMAHAWK,TT RACER,,,,,,,,,,,,,,
12,"SI prefixes, < 1",DECI,CENTI,MILLI,MICRO,NANO,PICO,FEMTO,ATTO,ZEPTO,YOCTO,RONTO,QUECTO,,,,,,,,,,,,,,
12,"SI prefixes, > 1",DECA,HECTO,KILO,MEGA,GIGA,TERA,PETA,EXA,ZETTA,YOTTA,RONNA,QUETTA,,,,,,,,,,,,,,
12,Squares of Vice in Snake and Laddersce,DISOBEDIENCE (41),VANITY (44),VULGARITY (49),THEFT (52),LYING (58),DRUNKENNESS (62),DEBT (69),MURDER (73),RAGE (84),GREED (92),PRIDE (95),LUST (99),,,,,,,,,,,,,,
12,Twelve Angry Men (1957) actors,MARTIN BALSAM,JOHN FIEDLER,LEE J. COBB,E.G. MARSHALL,JACK KLUGMAN,EDWARD BINNS,JACK WARDEN,HENRY FONDA,JOSEPH SWEENEY,ED BEGLEY,GEORGE VOSKOVEC,ROBERT WEBBER,,,,,,,,,,,,,,
12,Twelve Angry Men (1997) actors,COURTNEY B VANCE,OSSIE DAVIS,GEORGE C SCOTT,ARMIN MUELLERSTAHL,DORIAN HAREWOOD,JAMES GANDOLFINI,TONY DANZA,JACK LEMMON,HUME CRONYN,MYKELTI WILLIAMSON,EDWARD JAMES OLMOS,WILLIAM PETERSEN,,,,,,,,,,,,,,
12,Twelve Apostles,PETER,ANDREW,JAMES,JOHN,PHILIP,BARTHOLOMEW,THOMAS,MATTHEW,JAMES,THADDAEUS,SIMON,JUDAS,,,,,,,,,,,,,,
12,Twelve Gifts of Christmas,PARTRIDGE IN A PEAR TREE,TURTLE DOVES,FRENCH HENS,CALLING BIRDS,GOLDEN RINGS,GEESE A-LAYING,SWANS A-SWIMMING,MAIDS A-MILKING,LADIES DANCING,LORDS A-LEAPING,PIPERS PIPING,DRUMMERS DRUMMING,,,,,,,,,,,,,,
12,Twelve Minor Prophets,HOSEA,JOEL,AMOS,OBADIAH,JONAH,MICAH,NAHUM,HABAKKUK,ZEPHANIAH,HAGGAI,ZECHARIAH,MALACHI,,,,,,,,,,,,,,
12,Twelve Months,JANUARY,FEBRUARY,MARCH,APRIL,MAY,JUNE,JULY,AUGUST,SEPTEMBER,OCTOBER,NOVEMBER,DECEMBER,,,,,,,,,,,,,,
12,Twelve Olympians (Greek),ZEUS,HERA,POSEIDON,DEMETER,ATHENA,APOLLO,ARTEMIS,ARES,APHRODITE,HEPHAESTUS,HERMES,HESTIA/DIONYSUS,,,,,,,,,,,,,,
12,Twelve Olympians (Roman),JUPITER,JUNO,NEPTUNE,CERES,MINERVA,APOLLO,DIANA,MARS,VENUS,VULCAN,MERCURY,VESTA/BACCHUS,BACCHUS),,,,,,,,,,,,,
12,Twelve Sons of Jacob,REUBEN,SIMEON,LEVI,JUDAH,DAN,NAPHTALI,GAD,ASHER,ISSACHAR,ZEBULUN,JOSEPH,BENJAMIN,,,,,,,,,,,,,,
12,Western Zodiac signs,ARIES,TAURUS,GEMINI,CANCER,LEO,VIRGO,LIBRA,SCORPIO,SAGITTARIUS,CAPRICORN,AQUARIUS,PISCES (also see Modern Constellations the ecliptic passes through),,,,,,,,,,,,,,
13,Actors who played The Doctor,HARTNELL,TROUGHTON,PERTWEE,BAKER,DAVISON,BAKER,MCCOY,MCGANN,ECCLESTON,TENNANT,SMITH,CAPALDI,WHITTAKER,,,,,,,,,,,,,
13,Archimedean Solids,TRUNCATED TETRAHEDRON,CUBOCTAHEDRON,TRUNCATED CUBE,TRUNCATED OCTAHEDRON,RHOMBICUBOCTAHEDRON,TRUNCATED CUBOCTAHEDRON,SNUB CUBE,ICOSIDODECAHEDRON,TRUNCATED DODECAHEDRON,TRUNCATED ICOSAHEDRON,RHOMBICOSIDODECAHEDRON,TRUNCATED ICOSIDODECAHEDRON,SNUB ICOSIDODECAHEDRON,,,,,,,,,,,,,
13,Canadian Provinces + Territories,ONTARIO,QUEBEC,NOVA SCOTIA,NEW BRUNSWICK,MANITOBA,BRITISH COLUMBIA,PRINCE EDWARD ISLAND,SASKATCHEWAN,ALBERTA,NEWFOUNDLAND,LABRADOR,NUNAVUT,YUKON TERRITORY,NORTHWEST TERRITORIES,,,,,,,,,,,,
13,Hawaiian alphabet,A,E,H,I,K,L,M,N,O,P,U,W,‘,,,,,,,,,,,,,
13,IEEE radar bands,HF,VHF,UHF,L,S,C,X,Ku,K,Ka,V,W,mm or G,,,,,,,,,,,,,
13,Modern Constellations the ecliptic passes through,ARIES,TAURUS,GEMINI,CANCER,LEO,VIRGO,LIBRA,SCORPIO,OPHIUCHIUS,SAGITTARIUS,CAPRICORN,AQUARIUS,PISCES,,,,,,,,,,,,,
13,Playing Card Ranks,ACE,TWO,THREE,FOUR,FIVE,SIX,SEVEN,EIGHT,NINE,TEN,JACK,QUEEN,KING,,,,,,,,,,,,,
13,Series of Unfortunate Events books,BAD BEGINNING,REPTILE ROOM,WIDE WINDOW,MISERABLE MILL,AUSTERE ACADEMY,ERSATZ ELEVATOR,VILE VILLAGE,HOSTILE HOSPITAL,CARNIVOROUS CARNIVAL,SLIPPERY SLOPE,GRIM GROTTO,PENULTIMATE PERIL,THE END,,,,,,,,,,,,,
13,Thirteen Colonies,DELAWARE,PENNSYLVANIA,NEW JERSEY,GEORGIA,CONNECTICUT,MASSACHUSETTS,MARYLAND,SOUTH CAROLINA,NEW HAMPSHIRE,VIRGINIA,NEW YORK,NORTH CAROLINA,RHODE ISLAND,,,,,,,,,,,,,
13,Thorin's Company,THORIN / THORINOAKENSHIELD,FILI,KILI,BALIN,DWALIN,OIN,GLOIN,DORI,NORI,ORI,BIFUR,BOFUR,BOMBUR,,,,,,,,,,,,,
14,(Known) Neptunian moons,NAIAD,THALASSA,DESPINA,GALATEA,LARISSA,S/2004 N 1,PROTEUS,TRITON,NEREID,HALIMEDE,SAO,LAOMEDEIA,PSAMANTHE,NESO,,,,,,,,,,,,
14,Italian Comedy Theater Stock Characters,ARLECHINNO,CAPITANO,COLUMBINA,COMICO,DOTTORE,FLAVIO ,THE INNAMORATI (THE LOVERS),ISABELLA,LELIO,PANTALONE,PEDROLINO,PULCINELLA,VITTORIA,ZANNI,,,,,,,,,,,,
14,James Bond novels by Fleming,CASINO ROYALE,LIVE AND LET DIE,MOONRAKER,DIAMONDS ARE FOREVER,FROM RUSSIA WITH LOVE,DR. NO,GOLDFINGER,FOR YOUR EYES ONLY,THUNDERBALL,THE SPY WHO LOVED ME,ON HER MAJESTY’S SECRET SERVICE,YOU ONLY LIVE TWICE,THE MAN WITH THE GOLDEN GUN,OCTOPUSSY AND THE LIVING DAYLIGHTS,,,,,,,,,,,,
14,Moons of Neptune,NAIAD,THALASSA,DESPINA,GALATEA,LARISSA,HIPPOCAMP,PROTEUS,TRITON,NEREID,HALIMEDE,SAO,LAOMEDEIA,PSAMATHE,NESO,,,,,,,,,,,,
14,Pauline Epistles,ROMANS,1 CORINTHIANS,2 CORINTHIANS,GALATIANS,EPHESIANS,PHILIPPIANS,COLOSSIANS,1 THESSALONIANS,2 THESSALONIANS,HEBREWS,1 TIMOTHY,2 TIMOTHY,TITUS,PHILEMON,,,,,,,,,,,,
14,Pokemon Body Styles (Gen 4-9),"Icons, with fan desciptions of it",,https://bulbapedia.bulbagarden.net/wiki/List_of_Pok%C3%A9mon_by_shape,,,,,,,,,,,,,,,,,,,,,,,
14,Some of My Favorite Things (Sound of Music),RAINDROPS ON ROSES,WHISKERS ON KITTENS,BRIGHT COPPER KETTLES,WARM WOOLEN MITTENS,BROWN PAPER PACKAGES TIED UP WITH STRINGS,CREAM COLORED PONIES,CRISP APPLE STRUDELS,DOORBELLS,SLEIGH BELLS,SCHNITZEL WITH NOODLES,WILD GEESE THAT FLY WITH THE MOON ON THEIR WINGS,GIRLS IN WHITE DRESSES WITH BLUE SATIN SASHES,SNOWFLAKES THAT STAY ON MY NOSE AND EYELASHES,SILVER WHITE WINTERS THAT MELT INTO SPRINGS,,,,,,,,,,,,
15,Actinides,ACTINIUM,THORIUM,PROTACTINIUM,URANIUM,NEPTUNIUM,PLUTONIUM,AMERICIUM,CURIUM,BERKELIUM,CALIFORNIUM,EINSTEINIUM,FERMIUM,MENDLEVIUM,NOBELIUM,LAWRENCIUM,,,,,,,,,,,
15,AES Submissions,CAST-256,CRYPTON,DEAL,DFC,E2,FROG,HPC,LOKI97,MAGENTA,MARS,RC6,RIJNDAEL,SAFER+,SERPENT,TWOFISH,,,,,,,,,,,
15,Billiard Ball colors,YELLOW,BLUE,RED,PURPLE,ORANGE,GREEN,MAROON,BLACK,STRIPED YELLOW,STRIPED BLUE,STRIPED RED,STRIPED PURPLE,STRIPED ORANGE,STRIPED GREEN,STRIPED MAROON,,,,,,,,,,,
15,Kamen Rider Original Characters,RYUKI,BLADE,KABUTO,DEN-O,DECADE,W,OOO,FOURZE,WIZARD,GAIM,DRIVE,GHOST,EX-AID,BUILD,ZI-O,,,,,,,,,,,
15,Lanthanides,LANTHANUM,CERIUM,PRASEODYMIUM,NEODYMIUM,PROMETHIUM,SAMARIUM,EUROPIUM,GADOLINIUM,TERBIUM,DYSPROSIUM,HOLMIUM,ERBIUM,THULIUM,YTTERBIUM,THULIUM,,,,,,,,,,,
15,Rugby Union positions,LOOSEHEAD PROP,HOOKER,TIGHTHEAD PROP,NUMBER-4 LOCK,NUMBER-5 LOCK,BLINDSIDE-FLANKER,OPENSIDE-FLANKER,NUMBER-8,SCRUM-HALF,FLY-HALF,LEFT-WING,INSIDE-CENTRE,OUTSIDE-CENTRE,RIGHT-WING,FULLBACK,,,,,,,,,,,
15,Sporcle categories,SPORTS,GEOGRAPHY,MUSIC,MOVIES,TELEVISION,JUST FOR FUN,MISCELLANEOUS,HISTORY,LITERATURE,LANGUAGE,SCIENCE,GAMING,ENTERTAINMENT,RELIGION,HOLIDAYS,,,,,,,,,,,
16,Crayola 16-pack colors,RED,ORANGE,YELLOW,GREEN,BLUE,VIOLET,BROWN,BLACK,CARNATION PINK,RED ORANGE,YELLOW ORANGE,YELLOW GREEN,BLUE GREEN,BLUE VIOLET,RED VIOLET,WHITE,,,,,,,,,,
16,Decade Volcanoes,AVACHINSKY/KORYAKSKY,VOLCÁN DE COLIMA,GALERAS,MAUNA LOA,MOUNT ETNA,MOUNT MERAPI,MOUNT NYIRAGONGO,MOUNT RAINIER,MOUNT VESUVIUS,MOUNT UNZEN,SAKURAJIMA,SANTA MARÍA,SANTORINI,TAAL VOLCANO,TEIDE,ULAWUN,,,,,,,,,,
16,Myers-Briggs personality types,See Sets of Eight for the pairs of personalities,,,,,,,,,,,,,,,,,,,,,,,,,
17,Touhou Main Series Games (Growing),HIGHLY RESPONSIVE TO PRAYERS,STORY OF EASTERN WONDERLAND,PHANTASMAGORIA OF DIM. DREAM,LOTUS LAND STORY,MYSTIC SQUARE,EMBODIMENT OF SCARLET DEVIL:,PERFECT CHERRY BLOSSOM,IMMATERIAL AND MISSING POWER,IMPERISHABLE NIGHT,PHANTASMAGORIA OF FLOWER VIEW,MOUNTAIN OF FAITH,SUBTERRANEAN ANIMISM,UNDEFINED FANTASTIC OBJECT,TEN DESIRES,DOUBLE DEALING CHARACTER,LEGACY OF LUNATIC KINGDOM,HIDDEN STAR IN FOUR SEASONS,WILLY BEAST AND WEAKEST CREATURE,,,,,,,,
17,Wallpaper Group Pattern,P1,P2,PM,PG,CM,PMM,PMG,PGG,CMM,P4,P4M,P4G,P3,P3M1,P31M,P6,P6M,,,,,,,,,
18,Pokemon types,NORMAL,FIRE,WATER,GRASS,ELECTRIC,ICE,FIGHTING,POISON,GROUND,FLYING,PSYCHIC,BUG,ROCK,GHOST,DARK,DRAGON,STEEL,FAIRY,,,,,,,,
19,Heavenly Market Enclosure Asterisms,https://en.wikipedia.org/wiki/Heavenly_Market_enclosure,,,,,,,,,,,,,,,,,,,,,,,,,
19,Single Letter Amino Acid Codes,G,L,A,M,F,W,K,Q,E,S,P,V,I,C,Y,H,R,N,D,,,,,,,
20,50th Anniversary of the Republic Sculptures,https://en.wikipedia.org/wiki/50th_Anniversary_of_the_Republic_Sculptures,,,,,,,,,,,,,,,,,,,,,,,,,
20,Countries with single-letter international license plate codes,AUSTRIA,BELGIUM,CUBA,GERMANY (D),SPAIN (E),FRANCE,GABON,HUNGARY,ITALY,JAPAN,CAMBODIA (K),LUXEMBOURG,MALTA,NORWAY,PORTUGAL,QATAR,SWEDEN,THAILAND,VATICAN CITY,ZAMBIA,,,,,,
20,G20 Countries,ARGENTINA,AUSTRALIA,BRAZIL,CANADA,CHINA,FRANCE,GERMANY,INDIA,INDONESIA,ITALY,JAPAN,REPUBLIC OF KOREA,MEXICO,RUSSIA,SAUDI ARABIA,SOUTH AFRICA,TURKEY,UNITED KINGDOM,UNITED STATES,EUROPEAN UNION.,,,,,,
20,Human Amino Acids,ALANINE,ARGININE,ASPARAGINE,ASPARTIC ACID,CYSTEINE,GLUTAMIC ACID,GLUTAMINE,T,HISTIDINE,ISOLEUCINE,LEUCINE,LYSINE,METHIONINE,PHENYLALANINE,PROLINE,SERINE,THEONINE,TRYPTOPHAN,TYROSINE,VALINE,,,,,,
20,Shikoku Pilgrimage Bekkaku Temples,https://en.wikipedia.org/wiki/Shikoku_Pilgrimage#List_of_20_Bekkaku_Temples,,,,,,,,,,,,,,,,,,,,,,,,,
20,Supreme Palace Enclosure Asterisms,https://en.wikipedia.org/wiki/Supreme_Palace_enclosure,,,,,,,,,,,,,,,,,,,,,,,,,
21,22 Short Films About Springfield,https://en.wikipedia.org/wiki/22_Short_Films_About_Springfield,,,,,,,,,,,,,,,,,,,,,,,,,
21,Karp's 21 NP-Complete Problems,SATISFIABILITY,0–1 INTEGER PROGRAMMING,CLIQUE,SET PACKING,VERTEX COVER,SET COVERING,FEEDBACK NODE SET,FEEDBACK ARC SET,DIRECTED HAMILTON CIRCUIT,UNDIRECTED HAMILTON CIRCUIT,SATISFIABILITY WITH AT MOST 3 LITERALS PER CLAUSE (3-SAT),CHROMATIC NUMBER,CLIQUE COVER,EXACT COVER,HITTING SET,STEINER TREE,3-DIMENSIONAL MATCHING,KNAPSACK,JOB SEQUENCING,PARTITION,MAX CUT,,,,,
21,MIT Numbered Departments,CIVIL AND ENVIRONMENTAL ENGINEERING (1),MECHANICAL ENGINEERING (2),MATERIALS SCIENCE AND ENGINEERING (3),ARCHITECTURE (4),CHEMISTRY (5),ELECTRICAL ENGINEERING AND COMPUTER SCIENCE (6),BIOLOGY (7),PHYSICS (8),BRAIN AND COGNITIVE SCIENCE (9),CHEMICAL ENGINEERING (10),URBAN STUDIES AND PLANNING (11),EARTH ATMOSPHERIC AND PLANETARY SCIENCE (12),ECONOMICS (14),MANAGEMENT (15),AERONAUTICS AND ASTRONAUTICS (16),POLITICAL SCIENCE (17),MATHEMATICS (18),APPLIED BIOLOGICAL SCIENCES (20),HUMANITIES (21),NUCLEAR ENGINEERING (22),LINGUISTICS AND PHILOSOPHY (24),,,,,
22,Amino Acids including those encoded by stop codons,ALANINE,ARGININE,ASPARAGINE,ASPARTIC ACID,CYSTEINE,GLUTAMIC ACID,GLUTAMINE,GLYCINE,HISTIDINE,ISOLEUCINE,LEUCINE,LYSINE,METHIONINE,PHENYLALANINE,PROLINE,PYRROLYSINE,SELENOCYSTEINE,SERINE,THEONINE,TRYPTOPHAN,TYROSINE,VALINE,,,,
22,Hebrew Letters,ALEPH,BETH,GIMEL,DALETH,HE,WAW,ZAYIN,HETH,TETH,YOD,KAPH,LAMED,MEM,NUN,SAMEKH,AYIN,PE,SADHE,QOPH,RESH,SHIN,TAW,,,,
22,Major Arcana (Tarot),FOOL,MAGICIAN,HIGH PRIEST,EMPRESS,EMPEROR,HIEROPHANT,LOVERS,CHARIOT,STRENGTH,HERMIT,WHEEL OF FORTUNE,JUSTICE,HANGED MAN,DEATH,TEMPERANCE,DEVIL,TOWER,STAR,MOON,SUN,JUDGEMENT,WORLD,,,,
22,Monopoly Propeties (minus railroads/utilities),"Many Regional Variants, Check yourself",,,,,,,,,,,,,,,,,,,,,,,,,
22,Officially Released Virtual Boy Games,https://en.wikipedia.org/wiki/List_of_Virtual_Boy_games,,,,,,,,,,,,,,,,,,,,,,,,,
23,Chromosome pairs in humans,1,2,3,4,5,6,7,8,9,10,11,12,13,14,15,16,17,19,19,20,21,22,X/Y,,,
23,Old-School Runescape Skills,ATTACK,STRENGTH,DEFENCE,RANGED,PRAYER,MAGIC,RUNECRAFTING,HITPOINTS,CRAFTING,MINING,SMITHING,FISHING,COOKING,FIREMAKING,WOODCUTTING,AGILITY,HERBLORE,THIEVING,FLETCHING,SLAYER,FARMING,CONSTRUCTION,HUNTER,,,
24,Crayola 24-pack colors,RED,ORANGE,YELLOW,GREEN,BLUE,VIOLET,BROWN,BLACK,CARNATION PINK,RED ORANGE,YELLOW ORANGE,YELLOW GREEN,BLUE GREEN,BLUE VIOLET,RED VIOLET,WHITE,VIOLET RED,SCARLET,DANDELION,GREEN YELLOW,CERULEAN,INDIGO,APRICOT,GRAY,,
24,Greek Letters,ALPHA,BETA,GAMMA,DELTA,EPSILON,ZETA,ETA,THETA,IOTA,KAPPA,LAMBDA,MU,NU,XI,OMICRON,PI,RHO,SIGMA,TAU,UPSILON,PHI,CHI,PSI,OMEGA,,
24,SI prefixes,QUECTO,RONTO,YOCTO,ZEPTO,ATTO,FEMTO,PICO,NANO,MICRO,MILLI,CENTI,DECI,DECA,HECTO,KILO,MEGA,GIGA,TERA,PETA,EXA,ZETTA,YOTTA,RONNA,QUETTA,,
25,Kinsey Millhone,ALIBI,BURGLAR,CORPSE,DEADBEAT,EVIDENCE,FUGITIVE,GUMSHOE,HOMICIDE,INNOCENT,JUDGEMENT,KILLER,LAWLESS,MALICE,NOOSE,OUTLAW,PERIL,QUARRY,RICOCHET,SILENCE,TRESPASS,UNDERTOW,VENGEANCE,WASTED,X,YESTERDAY (RIP Sue Grafton – Z would be for ZERO),
25,People “Done too Soon” (Neil Diamond),JESUS CHRIST,FANNY BRICE,WOLFGANG AMADEUS MOZART,HUMPHREY BOGART,GENGHIS KHAN,H.G. WELLS,HO CHI MINH,GUNGA DIN,HENRY LUCE,JOHN WILKES BOOTH,ALEXANDER KING,ALEXANDER GRAHAM BELL,RAMAR KRISHNA,MAMA WHISTLER,PATRICE LUMUMBA,RUSS COLOMBO,KARL MARX,CHICO MARX,ALBERT CAMUS,E. A. POE,HENRI ROUESSEAU,SHOLOM ALEICHEM,CARYL CHESSMAN,ALAN FREED,BUSTER KEATON,
26,1927 ITU alphabet,AMSTERDAM,BALTIMORE,CASABLANCA,DENMARK,EDISON,FLORIDA,GALLIPOLI,HAVANA,ITALIA,JERUSALEM,KILOGRAMME,LIVERPOOL,MADAGASCAR,NEW YORK,OSLO,PARIS,QUEBEC,ROMA,SANTIAGO,TRIPOLI,UPSALA,VALENCIA,WASHINGTON,XANTHIPPE,YOKOHAMA,ZURICH
26,1941-1956 US Phonetic alphabet,ABLE,BAKER,CHARLIE,DOG,EASY,FOX,GEORGE,HOW,ITEM,JIG,KING,LOVE,MIKE,NAN,OBOE,PETER,QUEEN,ROGER,SUGAR,TARE,UNCLE,VICTOR,WILLIAM,X-RAY,YOKE,ZEBRA
26,China Provinces,,,,,,,,,,,,,,,,,,,,,,,,,,
26,English Letters/Alphabet,A,B,C,D,E,F,G,H,I,J,K,L,M,N,O,P,Q,R,S,T,U,V,W,X,Y,Z
26,FAO 1974 Major Soil Groupings,https://en.wikipedia.org/wiki/FAO_soil_classification,,,,,,,,,,,,,,,,,,,,,,,,,
26,Gashlycrumb tinies,AMY,BASIL,CLARA,DESMOND,ERNEST,FANNY,GEORGE,HECTOR,IDA,JAMES,KATE,LEO,MAUD,NEVILLE,OLIVE,PRUE,QUENTIN,RHODA,SUSAN,TITUS,UNA,VICTOR,WINNIE,XERXES,YORICK,ZILLAH
26,Icelandic Magical Staves,https://en.wikipedia.org/wiki/Icelandic_magical_staves,,,,Needs more evidence/citations! ,,,,,,,,,,,,,,,,,,,,,
26,Marshal Of The Empire (France),https://en.wikipedia.org/wiki/Marshal_of_the_Empire,,,,,,,,,,,,,,,,,,,,,,,,,
26,National Panhellenic Conference Members,https://en.wikipedia.org/wiki/National_Panhellenic_Conference,,,,,,,,,,,,,,,,,,,,,,,,,
26,NATO Alphabet,ALFA,BRAVO,CHARLIE,DELTA,ECHO,FOXTROT,GOLF,HOTEL,INDIA,JULIETT,KILO,LIMA,MIKE,NOVEMBER,OSCAR,PAPA,QUEBEC,ROMEO,SIERRA,TANGO,UNIFORM,VICTOR,WHISKEY,XRAY,YANKEE,ZULU
26,Playable Characters in Super Smash Bros. Melee,BOWSER,CAPTAIN FALCON,DONKEY KONG,DR. MARIO,FALCO,FOX,GANONDORF,ICE CLIMBERS,JIGGLYPUFF,KIRBY,LINK,LUIGI,MARIO,MARTH,MEWTWO,MR. GAME & WATCH,NESS,PEACH,PICHU,PIKACHU,ROY,SAMUS,SHEIK,YOSHI,YOUNG LINK,ZELDA
26,Police code,ADAM,BOY,CHARLES,DAVID,EDWARD,FRANK,GEORGE,HENRY,IDA,JOHN,KING,LINCOLN,MARY,NORA,OCEAN,PAUL,QUEEN,ROBERT,SAM,TOM,UNION,VICTOR,WILLIAM,X-RAY,YOUNG (YELLOW),ZEBRA
26,Relic Power (Runescape),FONT OF LIFE,BERSERKER'S FURY,DEATH WARD,FURY OF THE SMALL,PERSISTENT RAGE,HEIGHTENED SENSES,CONSERVATION OF ENERGY,UNEXPECTED DIPLOMACY,POUCH PROTECTOR,NEXUS MOD,ENDURANCE,PHARM ECOLOGY,ALWAYS ADZE,STICKY FINGERS,DEATHLESS,DIVINE CONVERSION,ABYSSAL LINK,SLAYER INTROSPECTION,RING OF LUCK,RING OF WEALTH,RING OF FORTUNE,LUCK OF THE DWARVES,INSPIRE LOVE,INSPIRE EFFORT,INSPIRE GENIUS,INSPIRE AWE
26,Republic of Ireland Counties,https://en.wikipedia.org/wiki/Republic_of_Ireland,,,,,,,,,,,,,,,,,,,,,,,,,
26,Rogue monsters,AQUATOR,BAT,CENTAUR,DRAGON,EMU,VENUS FLYTRAP,GRIFFIN,HOBGOBLIN,ICE MONSTER,JABBERWOCK,KESTREL,LEPRECHAUN,MEDUSA,NYMPH,ORC,PHANTOM,QUAGGA,RATTLESNAKE,SNAKE,TROLL,UR-VILE,VAMPIRE,WRAITH,XEROC,YETI,ZOMBIE
26,Sporadic Groups,MATHIEU11,MATHIEU12,MATHIEU22,MATHIEU23,MATHIEU24,JANKO1,JANKO2 = HJ,JANKO3 = HJM,JANKO4,CONWAY1,CONWAY2,CONWAY3,FISCHER22,FISCHER23,FISCHER24 = F3+,HIGMAN-SIMS,MCLAUGHLIN,HELD,RUDVALIS,SUZUKI,O’NAN,HARADA-NORTON,LYONS,THOMPSON,BABY MONSTER,FISCHER-GRIESS MONSTER
27,(Known) Uranian moons,,,,,,,,,,,,,,,,,,,,,,,,,,
27,Books in New Testament,,,,,,,,,,,,,,,,,,,,,,,,,,
27,European Union Countries,https://www.gov.uk/eu-eea,,,,,,,,,,,,,,,,,,,,,,,,,
28,28 Mansions (Chinese Constellation System),https://en.wikipedia.org/wiki/Twenty-Eight_Mansions,,,,,,,,,,,,,,,,,,,,,,,,,
28,FAO 1988 Major Soil Groupings,https://en.wikipedia.org/wiki/FAO_soil_classification,,,,,,,,,,,,,,,,,,,,,,,,,
28,Monopoly Propeties,,,,,,,,,,,,,,,,,,,,,,,,,,
32,Crystallographic point groups,,,,,,,,,,,,,,,,,,,,,,,,,,
32,Mexican States,,,,,,,,,,,,,,,,,,,,,,,,,,
32,Teeth in a Human Adult Body,,,,,,,,,,,,,,,,,,,,,,,,,,
33,Bandō 33 Kannon,https://en.wikipedia.org/wiki/Band%C5%8D_Sanj%C5%ABsankasho,,,,,,,,,,,,,,,,,,,,,,,,,
33,Chūgoku 33 Kannon,https://en.wikipedia.org/wiki/Ch%C5%ABgoku_33_Kannon_Pilgrimage,,,,,,,,,,,,,,,,,,,,,,,,,
33,Letters in the Russian alphabet (maybe more used for other Cyrillic languages),,,,,,,,,,,,,,,,,,,,,,,,,,
33,Musashino Kannon Pilgrimage,https://en.wikipedia.org/wiki/Musashino_Kannon_Pilgrimage,,,,,,,,,,,,,,,,,,,,,,,,,
33,Saigoku 33 Kannon,https://en.wikipedia.org/wiki/Saigoku_Kannon_Pilgrimage,,,,,,,,,,,,,,,,,,,,,,,,,
34,Chichibu 34 Kannon,https://en.wikipedia.org/wiki/Chichibu_34_Kannon_Sanctuary,,,,,,,,,,,,,,,,,,,,,,,,,
34,Chinese Provinces + extras,,,,,,,,,,,,,,,,,,,,,,,,,,
35,Hexominos,,,,,,,,,,,,,,,,,,,,,,,,,,
36,36 Heavenly Spirits (Chinese classical novel/literature),https://en.wikipedia.org/wiki/Category:36_Heavenly_Spirits,,,,,,,,,,,,,,,,,,,,,,,,,
38,Chicago Rock Band Albums,https://en.wikipedia.org/wiki/Chicago_discography,,,,,,,,,,,,,,,,,,,,,,,,,
39,Playable characters in Super Smash Bros. Brawl,,,,,,,,,,,,,,,,,,,,,,,,,,
39,Purple Forbidden Enclosure Asterisms,https://en.wikipedia.org/wiki/Purple_Forbidden_enclosure,,,,,,,,,,,,,,,,,,,,,,,,,
40,"Levels in ""This is the only level""",https://www.wikihow.com/Pass-%22This-Is-the-Only-Level%22,,,,,,,,,,,,,,,,,,,,,,,,,
42,Risk Board Game Territories,,,,,,,,,,,,,,,,,,,,,,,,,,
45,Phaistos Disc Signs,https://en.wikipedia.org/wiki/Phaistos_Disc,,,,,,,,,,,,,,,,,,,,,,,,,
46,Japanese hiragana (Can be ordered by the Iroha) [+2 mostly obsolete],,,,,,,,,,,,,,,,,,,,,,,,,,
47,Devanagari Script Primary Characters,https://en.wikipedia.org/wiki/Devanagari,,,,,,,,,,,,,,,,,,,,,,,,,
47,Japanese prefectures,,,,,,,,,,,,,,,,,,,,,,,,,,
47,U.S. Presidents (CLEVELAND and TRUMP counts twice),,(Includes Trump 2nd time after Jan 2025),,,,,,,,,,,,,,,,,,,,,,,,
50,Default Subreddits,,,,,,,,,,,,,,,,,,,,,,,,,,
50,U.S. States,,,,,,,,,,,,,,,,,,,,,,,,,,
51,Languages on the Wikipedia logo,,,,,,,,,,,,,,,,,,,,,,,,,,
52,Standard 52-Card Deck,,,,,,,,,,,,,,,,,,,,,,,,,,
53,Standard 53-Card Deck including Joker,,,,,,,,,,,,,,,,,,,,,,,,,,
53,Stations of the Tokaido,,,,,,,,,,,,,,,,,,,,,,,,,,
54,Chapters in The Tale of Genji,https://en.wikipedia.org/wiki/The_Tale_of_Genji,,,,,,,,,,,,,,,,,,,,,,,,,
54,Genjii-Kô symbols,https://ja.wikipedia.org/wiki/香の図,,,,,,,,,,,,,,,,,,,,,,,,,
55,Woodcut Prints of Stations of the Tokaido,,,,,,,,,,,,,,,,,,,,,,,,,,
60,Game & Watch Games,https://en.wikipedia.org/wiki/List_of_Game_%26_Watch_games,,,,(subsets exist),,,,,,,,,,,,,,,,,,,,,
62,Goosebumps books (Original Series),,,,,,,,,,,,,,,,,,,,,,,,,,
62,Known Saturnian moons,,,,,,,,,,,,,,,,,,,,,,,,,,
62,Things mentioned in Weird Al Yankovic’s “Hardware Store”,,,,,,,,,,,,,,,,,,,,,,,,,,
63,Official HTTP Response Status Codes,https://en.wikipedia.org/wiki/List_of_HTTP_status_codes,,,,,,,,,,,,,,,,,,,,,,,,,
64,I Ching Hexagrams,https://en.wikipedia.org/wiki/List_of_hexagrams_of_the_I_Ching,,,,,,,,,,,,,,,,,,,,,,,,,
67,Dictionnaire Infernal Demons,https://en.wikipedia.org/wiki/Dictionnaire_Infernal,,,,,,,,,,,,,,,,,,,,,,,,,
67,Known Jovian Moons,,,,,,,,,,,,,,,,,,,,,,,,,,
69,69 Love Songs (album by Magnetic Fields),,,,,,,,,,,,,,,,,,,,,,,,,,
69,False Monarchy of Demons (Pseudomonarchia Daemonum),https://en.wikipedia.org/wiki/Pseudomonarchia_Daemonum,,,,,,,,,,,,,,,,,,,,,,,,,
69,Stations of the Kiso Kaido,,,,,,,,,,,,,,,,,,,,,,,,,,
72,72 Earthly Fiends (Chinese classical novel/literature),https://en.wikipedia.org/wiki/Category:72_Earthly_Fiends,,,,,,,,,,,,,,,,,,,,,,,,,
72,Demons/Sigils in the Lesser Key of Solomon (Ars Goetia),https://en.wikipedia.org/wiki/List_of_demons_in_the_Ars_Goetia,,,,,,,,,,,,,,,,,,,,,,,,,
72,Disciples of Confucious,https://en.wikipedia.org/wiki/Disciples_of_Confucius,,,,,,,,,,,,,,,,,,,,,,,,,
72,Engraved names on the Eiffel Tower,https://en.wikipedia.org/wiki/List_of_the_72_names_on_the_Eiffel_Tower,,,,,,,,,,,,,,,,,,,,,,,,,
72,Generation VI Pokemons,,,,,,,,,,,,,,,,,,,,,,,,,,
72,Reuchlin's angels of the Shem HaMephorash,https://en.wikipedia.org/wiki/Shem_HaMephorash,,,,,,,,,,,,,,,,,,,,,,,,,
73,Neo Geo Pocket Color Games,https://en.wikipedia.org/wiki/List_of_Neo_Geo_Pocket_Color_games,,,,(subsets exist),,,,,,,,,,,,,,,,,,,,,
78,Tarot Cards,,,,,,,,,,,,,,,,,,,,,,,,,,
79,Moons of Jupiter,,,,,,,,,,,,,,,,,,,,,,,,,,
80,Elements with stable isotopes,,,,,,,,,,,,,,,,,,,,,,,,,,
82,Moons of Saturn,,,,,,,,,,,,,,,,,,,,,,,,,,
88,Generation VII Pokemons,,,,,,,,,,,,,,,,,,,,,,,,,,
88,IAU Designated Constellations,https://en.wikipedia.org/wiki/IAU_designated_constellations,,,,,,,,,,,,,,,,,,,,,,,,,
88,Shikoku Pilgrimage Main Temples,https://en.wikipedia.org/wiki/Shikoku_Pilgrimage#List_of_Main_88_Temples,,,,,,,,,,,,,,,,,,,,,,,,,
91,"Places mentioned in “I’ve Been Everywhere, Man” (Johnny Cash)",,,,,,,,,,,,,,,,,,,,,,,,,,
92,Elements up to Uranium,,,,,,,,,,,,,,,,,,,,,,,,,,
92,Johnson solids,,,,,,,,,,,,,,,,,,,,,,,,,,
95,Printable ASCII characters,,,,,,,,,,,,,,,,,,,,,,,,,,
95,Theses of Martin Luther,,,,,,,,,,,,,,,,,,,,,,,,,,
100,Generation II Pokemons,,,,,,,,,,,,,,,,,,,,,,,,,,
100,Japan 100 Kannon,https://en.wikipedia.org/wiki/Japan_100_Kannon_Pilgrimage,,,,,,,,,,,,,,,,,,,,,,,,,
100,Kunstformen der Natur (Artforms of Nature),https://commons.wikimedia.org/wiki/Kunstformen_der_Natur,,,,,,,,,,,,,,,,,,,,,,,,,
100,Members of the U.S. Senate,,,,,,,,,,,,,,,,,,,,,,,,,,
102,Elements in the Tom Lehre r song “The Elements”,,,,,,,,,,,,,,,,,,,,,,,,,,
107,Generation IV Pokemons,,,,,,,,,,,,,,,,,,,,,,,,,,
108,108 Stars of Destiny (Chinese classical novel/literature),https://en.wikipedia.org/wiki/108_Stars_of_Destiny,,,,,,,,,,,,,,,,,,,,,,,,,
108,Cards in an UNO deck,,,,,,,,,,,,,,,,,,,,,,,,,,
108,Heptonomino,,,,,,,,,,,,,,,,,,,,,,,,,,
109,Caldwell Catalogue items (astronomy),C1-C109,https://en.wikipedia.org/wiki/Caldwell_catalogue,,,,,,,,,,,,,,,,,,,,,,,,
110,Messier Objects (astronomy),M1-M110,https://en.wikipedia.org/wiki/Messier_object,,,,,,,,,,,,,,,,,,,,,,,,
118,We Didn't Start The Fire Song Events,https://en.wikipedia.org/wiki/We_Didn%27t_Start_the_Fire,,,,,,,,,,,,,,,,,,,,,,,,,
135,Generation III Pokemons,,,,,,,,,,,,,,,,,,,,,,,,,,
151,Generation I Pokemons,,,,,,,,,,,,,,,,,,,,,,,,,,
154,Shakespearean Sonnets,,,,,,,,,,,,,,,,,,,,,,,,,,
156,Generation V Pokemons,,,,,,,,,,,,,,,,,,,,,,,,,,
200,Officially Licensed Famicom Disk System Games,https://en.wikipedia.org/wiki/List_of_Famicom_Disk_System_games,,,,,,,,,,,,,,,,,,,,,,,,,
206,Bones in the human body,,,,,,,,,,,,,,,,,,,,,,,,,,
209,Taikyoku shogi piece types,,,,,,,,,,,,,,,,,,,,,,,,,,
214,Chinese radicals (Kangxi dictionary),,,,,,,,,,,,,,,,,,,,,,,,,,
254,Stable nuclides,,,,,,,,,,,,,,,,,,,,,,,,,,
256,1-D local cellular automata,,,,,,,,,,,,,,,,,,,,,,,,,,
266,Catholic Popes,,,,,,,,,,,,,,,,,,,,,,,,,,
288,Primordial nuclides,,,,,,,,,,,,,,,,,,,,,,,,,,
291,Musicians/Bands on Nurse with Wound list,https://en.m.wikipedia.org/wiki/Nurse_with_Wound_list,,,,,,,,,,,,,,,,,,,,,,,,,
366,The French Revolutionary calendar names (EVERY SINGLE DAY a different thing!),,,,,,,,,,,,,,,,,,,,,,,,,,
369,Octomino,,,,,,,,,,,,,,,,,,,,,,,,,,
388,Licensed Games for the N64,https://en.wikipedia.org/wiki/List_of_Nintendo_64_games,,,,,,,,,,,,,,,,,,,,,,,,,
400,Herschel 400 Catalogue (astronomy),https://en.wikipedia.org/wiki/Herschel_400_Catalogue,,,,,,,,,,,,,,,,,,,,,,,,,
435,Members of the U.S. House of Representatives,,,,,,,,,,,,,,,,,,,,,,,,,,
627,Lilo and Stitch Original Experiments,https://liloandstitchfanfiction.fandom.com/wiki/List_of_Experiments,,,,,,,,,,,,,,,,,,,,,,,,,
716,Licensed Games released for the NES,https://en.wikipedia.org/wiki/List_of_Nintendo_Entertainment_System_games,,,,,,,,,,,,,,,,,,,,,,,,,
779,"Names on the Cover of ""The Futurist""",https://www.discogs.com/release/821697-Shellac-Futurist,,,,,,,,,,,,,,,,,,,,,,,,,
2399,Aarne–Thompson–Uther (ATU) Index catalogue of folktales types  ,,,,,,,,,,,,,,,,,,,,,,,,,,
~118,Chemical Elements,,,,,,,,,,,,,,,,,,,,,,,,,,
~145,X11 colors,,,,,,,,,,,,,,,,,,,,,,,,,,
~19,Avengers Heroes,IRON MAN,CAPTAIN AMERICA,THOR,BLACK WIDOW,THE HULK,BLACK PANTHER,SHURI,OKOYE,ANT MAN,WASP,DOCTOR STRANGE,WINTER SOLDIER/BUCKY BARNES,HAWKEYE,FALCON,MARIA HILL,VISION,HULKBUSTER,WAR MACHINE,NICK FURY,,,,,,,
~300,Things in DSM-IV / DSM-5,,,,,,,,,,,,,,,,,,,,,,,,,,
~42,Antipopes to the Catholic papacy,,,,,,,,,,,,,,,,,,,,,,,,,,
~5500,Described number of mammalian species,,,,,,,,,,,,,,,,,,,,,,,,,,
~7000,Languages in the world,,,,,,,,,,,,,,,,,,,,,,,,,,
100+,Members of the Delian League,,,,,,,,,,,,,,,,,,,,,,,,,,
1400+,Digimons,,,,,,,,,,,,,,,,,,,,,,,,,,
148+,League of Legends Game Champions,,,,,,,,,,,,,,,,,,,,,,,,,,
150+,Minecraft blocks (probably more. I never bothered to count.),,,,,,,,,,,,,,,,,,,,,,,,,,
150+,Search Engines,https://en.wikipedia.org/wiki/List_of_search_engines,,,,,,,,,,,,,,,,,,,,,,,,,
175+,Nancy Drew Books,,,,,,,,,,,,,,,,,,,,,,,,,,
19-47,Traditional point-size names,https://en.wikipedia.org/wiki/Traditional_point-size_names,,,,,,,,,,,,,,,,,,,,,,,,,
190+,The Hardy Boys Books,,,,,,,,,,,,,,,,,,,,,,,,,,
193-206,Countries,,,,,,,,,,,,,,,,,,,,,,,,,,
200+,Crayola colors,,,,,,,,,,,,,,,,,,,,,,,,,,
39+,Ubuntu version names,Names are [Adjective Animal],,https://wiki.ubuntu.com/DevelopmentCodeNames,,,,,,,,,,,,,,,,,,,,,,,
58+,Playable characters in Smash 4,,,,,,,,,,,,,,,,,,,,,,,,,,
600+,NANP area codes (and probably less than 720),,,,,,,,,,,,,,,,,,,,,,,,,,
700+,Pokemon (and counting),,,,,,,,,,,,,,,,,,,,,,,,,,
Many,Nintendo Game Worlds,https://www.mariowiki.com/World,,,,,,,,,,,,,,,,,,,,,,,,,